Job,Housing,Saving accounts,Checking account,Credit amount,Duration,Purpose,Gender,Purchase_date,Birth_date,Device,Risk_label
2,own,,little,1169,6,radio/TV,male,2020-01-22,1953-01-22,One Plus 8 128 GB,0
2,own,little,moderate,5951,48,radio/TV,female,2020-04-17,1998-04-17,iPhone 10 Black,1
1,own,little,,2096,12,education,male,2020-04-06,1971-04-06,Samsung Fantastic,0
2,free,little,little,7882,42,furniture/equipment,male,2020-01-19,1975-01-19,Samsung Amazing,0
2,free,little,little,4870,24,car,male,2020-01-06,1967-01-06,OPPO Reno 2,1
1,free,,,9055,36,education,male,2020-01-27,1985-01-27,iPhone 10 Black,0
2,own,quite rich,,2835,24,furniture/equipment,male,2020-03-15,1967-03-15,iPhone 10 White,0
3,rent,little,moderate,6948,36,car,male,2020-03-24,1985-03-24,OPPO Find X2 256 GB,0
1,own,rich,,3059,12,radio/TV,male,2020-02-20,1959-02-20,iPhone 11 Black,0
3,own,little,moderate,5234,30,car,male,2020-02-28,1992-02-28,iPhone 11 Black,1
2,rent,little,moderate,1295,12,car,female,2020-01-09,1995-01-09,iPhone 10 Black,1
2,rent,little,little,4308,48,business,female,2020-02-09,1996-02-09,iPhone 11 Black,1
2,own,little,moderate,1567,12,radio/TV,female,2020-04-25,1998-04-25,Huawei Fantastic,0
1,own,little,little,1199,24,car,male,2020-01-02,1960-01-02,Huawei Awesome,1
2,rent,little,little,1403,15,car,female,2020-05-07,1992-05-07,iPhone 11 Black,0
1,own,moderate,little,1282,24,radio/TV,female,2020-01-29,1988-01-29,iPhone 10 White,1
2,own,,,2424,24,radio/TV,male,2020-01-23,1967-01-23,One Plus 8 128 GB,0
2,own,,little,8072,30,business,male,2020-04-11,1995-04-11,iPhone 9,0
3,free,little,moderate,12579,24,car,female,2020-03-29,1976-03-29,iPhone 11 Black,1
2,own,quite rich,,3430,24,radio/TV,male,2020-04-29,1989-04-29,Nokia Old,0
2,own,little,,2134,9,car,male,2020-05-12,1972-05-12,Ericsson Very Old,0
2,rent,quite rich,little,2647,6,radio/TV,male,2020-01-01,1976-01-01,Nokia Very Old,0
1,rent,little,little,2241,10,car,male,2020-03-20,1972-03-20,Nokia Old,0
2,own,moderate,moderate,1804,12,car,male,2020-04-09,1976-04-09,Samsung Amazing,0
2,own,,,2069,10,furniture/equipment,male,2020-02-14,1994-02-14,iPhone 11 Black,0
1,own,little,little,1374,6,furniture/equipment,male,2020-04-27,1984-04-27,OPPO Reno 2,0
1,own,little,,426,6,radio/TV,male,2020-03-01,1981-03-01,Nokia Very Old,0
2,rent,rich,rich,409,12,radio/TV,female,2020-03-27,1978-03-27,iPhone 11 Black,0
2,own,little,moderate,2415,7,radio/TV,male,2020-01-02,1986-01-02,Ericsson Very Old,0
2,own,little,little,6836,60,business,male,2020-04-25,1957-04-25,iPhone 9,1
2,own,rich,moderate,1913,18,business,male,2020-04-28,1984-04-28,iPhone 10 Black,0
2,own,little,little,4020,24,furniture/equipment,male,2020-01-31,1993-01-31,One Plus 8 128 GB,0
2,own,moderate,moderate,5866,18,car,male,2020-04-08,1990-04-08,One Plus 8 128 GB,0
1,rent,,,1264,12,business,male,2020-02-21,1963-02-21,Nokia Very Old,0
3,own,little,rich,1474,12,furniture/equipment,female,2020-03-02,1987-03-02,iPhone 9,0
1,own,little,moderate,4746,45,radio/TV,male,2020-02-11,1995-02-11,iPhone 11 Black,1
2,free,little,,6110,48,education,male,2020-03-26,1989-03-26,OPPO Find X2 256 GB,0
2,own,little,rich,2100,18,radio/TV,male,2020-03-07,1983-03-07,Ericsson Very Old,1
2,own,little,rich,1225,10,domestic appliances,male,2020-04-13,1983-04-13,OPPO Find X2 256 GB,0
2,own,little,moderate,458,9,radio/TV,male,2020-05-13,1996-05-13,iPhone 10 White,0
3,own,quite rich,,2333,30,radio/TV,male,2020-02-14,1990-02-14,OPPO Find X2 256 GB,0
2,own,quite rich,moderate,1158,12,radio/TV,male,2020-03-11,1994-03-11,OPPO Reno 2,0
1,own,little,moderate,6204,18,repairs,male,2020-05-04,1976-05-04,Samsung Fantastic,0
2,rent,moderate,little,6187,30,car,male,2020-02-20,1996-02-20,OPPO Reno 2,0
1,free,little,little,6143,48,car,female,2020-02-21,1962-02-21,Huawei Awesome,1
3,own,little,,1393,11,car,female,2020-04-08,1985-04-08,iPhone 11 Black,0
2,own,quite rich,,2299,36,radio/TV,male,2020-04-11,1981-04-11,Samsung Awesome,0
0,rent,quite rich,little,1352,6,car,female,2020-03-12,1997-03-12,Huawei Great,0
1,own,little,,7228,11,car,male,2020-03-30,1981-03-30,Samsung Amazing,0
2,own,moderate,,2073,12,radio/TV,female,2020-03-24,1992-03-24,OPPO Reno 2,0
1,own,,moderate,2333,24,furniture/equipment,male,2020-04-26,1991-04-26,Nokia Old,0
3,own,little,moderate,5965,27,car,male,2020-03-25,1990-03-25,Samsung Awesome,0
2,own,little,,1262,12,radio/TV,male,2020-01-06,1995-01-06,iPhone 9,0
2,own,,,3378,18,car,male,2020-03-17,1989-03-17,Samsung Awesome,0
2,free,little,moderate,2225,36,car,male,2020-01-09,1963-01-09,Huawei Fantastic,1
1,own,,,783,6,car,male,2020-04-10,1994-04-10,Huawei Great,0
3,own,,moderate,6468,12,radio/TV,male,2020-05-12,1968-05-12,Huawei Fantastic,1
2,own,little,,9566,36,radio/TV,female,2020-02-07,1989-02-07,Samsung Awesome,0
3,own,little,rich,1961,18,car,female,2020-02-13,1997-02-13,iPhone 11 Black,0
1,rent,little,little,6229,36,furniture/equipment,female,2020-02-11,1997-02-11,Ericsson Very Old,1
2,own,little,moderate,1391,9,business,male,2020-03-14,1993-03-14,Samsung Awesome,0
2,own,,moderate,1537,15,radio/TV,male,2020-02-14,1970-02-14,iPhone 10 Black,0
3,free,little,moderate,1953,36,business,male,2020-03-18,1959-03-18,Samsung Amazing,1
2,own,little,moderate,14421,48,business,male,2020-03-05,1995-03-05,Samsung Fantastic,1
2,own,little,,3181,24,radio/TV,female,2020-04-02,1994-04-02,OPPO Reno 2,0
2,own,,,5190,27,repairs,male,2020-04-29,1972-04-29,Nokia Very Old,0
2,own,little,,2171,12,radio/TV,female,2020-04-02,1991-04-02,Ericsson Very Old,0
2,own,rich,moderate,1007,12,car,male,2020-01-24,1998-01-24,iPhone 10 White,0
2,free,little,,1819,36,education,male,2020-03-27,1983-03-27,Huawei Fantastic,1
2,own,,,2394,36,radio/TV,female,2020-01-05,1995-01-05,Nokia Old,0
2,own,little,,8133,36,car,female,2020-03-13,1990-03-13,Huawei Awesome,0
1,rent,,,730,7,radio/TV,male,2020-02-03,1974-02-03,iPhone 11 Black,0
3,free,little,little,1164,8,vacation/others,male,2020-01-21,1969-01-21,Nokia Old,0
1,own,little,moderate,5954,42,business,female,2020-02-27,1979-02-27,Nokia Old,0
3,own,,little,1977,36,education,male,2020-03-04,1980-03-04,Huawei Awesome,1
3,free,little,little,1526,12,car,male,2020-05-01,1954-05-01,Nokia Old,0
2,own,little,little,3965,42,radio/TV,male,2020-01-04,1986-01-04,iPhone 10 Black,1
2,own,little,moderate,4771,11,radio/TV,male,2020-04-17,1969-04-17,Huawei Fantastic,0
1,own,,,9436,54,car,male,2020-02-06,1981-02-06,iPhone 10 Black,0
2,own,little,moderate,3832,30,furniture/equipment,male,2020-05-02,1998-05-02,Samsung Awesome,0
2,own,,,5943,24,radio/TV,female,2020-04-09,1976-04-09,Huawei Awesome,1
2,own,quite rich,,1213,15,radio/TV,male,2020-03-04,1973-03-04,Huawei Awesome,0
1,rent,moderate,,1568,18,business,female,2020-05-09,1996-05-09,Huawei Awesome,0
1,own,little,little,1755,24,vacation/others,female,2020-01-04,1962-01-04,iPhone 11 Black,0
1,own,little,little,2315,10,radio/TV,male,2020-02-03,1968-02-03,Samsung Awesome,0
3,own,little,,1412,12,business,female,2020-02-21,1991-02-21,iPhone 11 Black,0
2,own,little,moderate,1295,18,furniture/equipment,female,2020-04-03,1993-04-03,iPhone 10 White,0
2,free,moderate,moderate,12612,36,education,male,2020-01-22,1973-01-22,OPPO Find X2 256 GB,1
3,own,moderate,little,2249,18,car,male,2020-04-14,1990-04-14,iPhone 11 Black,0
2,own,little,little,1108,12,repairs,male,2020-03-29,1992-03-29,Nokia Very Old,1
2,own,little,,618,12,radio/TV,male,2020-05-11,1964-05-11,Samsung Amazing,0
2,own,little,little,1409,12,car,male,2020-04-20,1966-04-20,iPhone 9,0
1,own,,,797,12,radio/TV,female,2020-03-17,1987-03-17,OPPO Reno 2,1
2,rent,,rich,3617,24,furniture/equipment,male,2020-02-14,2000-02-14,One Plus 8 128 GB,0
2,own,rich,moderate,1318,12,car,male,2020-03-11,1966-03-11,One Plus 8 128 GB,0
2,rent,little,moderate,15945,54,business,male,2020-01-21,1962-01-21,Huawei Great,1
2,own,,,2012,12,education,female,2020-03-14,1959-03-14,Nokia Old,0
2,own,moderate,moderate,2622,18,business,male,2020-02-08,1986-02-08,iPhone 11 Black,0
2,own,little,moderate,2337,36,radio/TV,male,2020-03-31,1984-03-31,iPhone 9,0
3,rent,,moderate,7057,20,car,male,2020-01-15,1984-01-15,Huawei Awesome,0
1,rent,moderate,,1469,24,car,male,2020-01-26,1979-01-26,One Plus 8 128 GB,0
2,rent,little,moderate,2323,36,radio/TV,male,2020-05-09,1996-05-09,Huawei Great,0
2,own,little,,932,6,radio/TV,female,2020-02-17,1996-02-17,Huawei Great,0
2,rent,little,moderate,1919,9,furniture/equipment,male,2020-05-02,1985-05-02,Nokia Old,0
2,rent,,,2445,12,car,male,2020-04-28,1994-04-28,Samsung Fantastic,0
3,own,little,moderate,11938,24,vacation/others,male,2020-02-24,1981-02-24,Nokia Old,1
3,own,little,,6458,18,car,male,2020-03-27,1981-03-27,iPhone 10 Black,1
2,own,little,moderate,6078,12,car,male,2020-02-29,1988-02-29,Samsung Fantastic,0
2,own,,little,7721,24,furniture/equipment,female,2020-03-03,1990-03-03,iPhone 10 Black,0
2,own,quite rich,moderate,1410,14,business,male,2020-02-05,1985-02-05,iPhone 11 Black,0
2,own,moderate,moderate,1449,6,business,male,2020-03-19,1989-03-19,Huawei Great,0
2,rent,little,rich,392,15,education,female,2020-05-07,1997-05-07,iPhone 11 Black,0
1,rent,little,moderate,6260,18,car,male,2020-01-31,1992-01-31,Huawei Fantastic,0
2,own,little,,7855,36,car,female,2020-01-15,1995-01-15,Samsung Amazing,1
2,own,quite rich,little,1680,12,radio/TV,male,2020-02-29,1985-02-28,One Plus 8 128 GB,0
2,own,,,3578,48,radio/TV,male,2020-05-09,1973-05-09,Huawei Awesome,0
3,own,,little,7174,42,radio/TV,female,2020-03-10,1990-03-10,iPhone 9,1
2,rent,,little,2132,10,furniture/equipment,female,2020-01-10,1993-01-10,iPhone 10 White,0
2,own,quite rich,little,4281,33,furniture/equipment,female,2020-02-13,1997-02-13,Nokia Old,1
3,own,quite rich,moderate,2366,12,car,male,2020-04-12,1984-04-12,Samsung Amazing,0
2,own,little,little,1835,21,radio/TV,female,2020-04-16,1995-04-16,One Plus 8 128 GB,1
3,rent,little,,3868,24,car,female,2020-04-20,1979-04-20,Nokia Very Old,0
1,rent,little,,1768,12,furniture/equipment,male,2020-05-04,1996-05-04,iPhone 11 Black,0
2,free,little,rich,781,10,car,male,2020-04-22,1957-04-22,Samsung Fantastic,0
2,rent,,moderate,1924,18,furniture/equipment,female,2020-04-22,1993-04-22,Huawei Fantastic,1
2,own,little,little,2121,12,car,male,2020-04-30,1990-04-30,Samsung Awesome,0
1,own,little,little,701,12,radio/TV,male,2020-05-11,1980-05-11,iPhone 10 White,0
2,own,little,moderate,639,12,repairs,male,2020-02-06,1990-02-06,iPhone 11 Black,1
3,own,little,moderate,1860,12,car,male,2020-03-25,1986-03-25,Huawei Awesome,0
2,own,little,little,3499,12,car,female,2020-02-09,1991-02-09,Samsung Amazing,1
2,own,,moderate,8487,48,car,female,2020-05-05,1996-05-05,iPhone 10 Black,0
2,own,little,little,6887,36,education,male,2020-03-12,1991-03-12,Samsung Fantastic,1
1,own,little,,2708,15,furniture/equipment,male,2020-01-09,1993-01-09,iPhone 10 Black,0
2,free,little,,1984,18,furniture/equipment,male,2020-02-12,1973-02-12,Samsung Fantastic,0
2,own,moderate,,10144,60,radio/TV,female,2020-02-20,1999-02-20,Ericsson Very Old,0
2,own,,,1240,12,radio/TV,female,2020-04-08,1982-04-08,iPhone 9,0
2,own,rich,,8613,27,car,male,2020-05-10,1993-05-10,Nokia Old,0
1,own,quite rich,moderate,766,12,radio/TV,male,2020-03-05,1954-03-05,Huawei Awesome,1
2,own,,moderate,2728,15,radio/TV,male,2020-01-16,1985-01-16,iPhone 9,0
1,rent,little,rich,1881,12,radio/TV,female,2020-02-17,1976-02-17,Nokia Very Old,0
0,own,rich,rich,709,6,car,male,2020-03-29,1993-03-29,OPPO Reno 2,0
3,own,little,moderate,4795,36,radio/TV,female,2020-02-22,1990-02-22,Huawei Fantastic,0
3,own,little,little,3416,27,radio/TV,male,2020-01-04,1993-01-04,One Plus 8 128 GB,0
2,own,little,little,2462,18,furniture/equipment,male,2020-02-04,1998-02-04,iPhone 11 Black,1
2,own,little,,2288,21,furniture/equipment,female,2020-04-06,1997-04-06,iPhone 11 Black,0
2,own,moderate,moderate,3566,48,business,male,2020-03-21,1990-03-21,OPPO Find X2 256 GB,0
2,own,little,little,860,6,car,female,2020-01-28,1981-01-28,OPPO Find X2 256 GB,0
2,own,moderate,,682,12,car,female,2020-02-09,1969-02-09,iPhone 10 Black,0
2,own,little,little,5371,36,furniture/equipment,male,2020-01-08,1992-01-08,Nokia Very Old,0
2,own,rich,,1582,18,radio/TV,male,2020-01-31,1974-01-31,Nokia Very Old,0
2,free,moderate,,1346,6,radio/TV,male,2020-03-30,1978-03-30,iPhone 11 Black,0
2,own,little,,1924,10,radio/TV,male,2020-03-06,1982-03-06,Huawei Fantastic,0
2,own,little,rich,5848,36,radio/TV,male,2020-04-10,1996-04-10,iPhone 9,0
2,rent,rich,moderate,7758,24,car,female,2020-04-21,1991-04-21,iPhone 10 White,0
3,rent,moderate,moderate,6967,24,business,male,2020-01-17,1984-01-17,Samsung Awesome,0
2,rent,little,little,1282,12,furniture/equipment,female,2020-03-24,2000-03-24,iPhone 9,1
2,own,moderate,little,1288,9,repairs,male,2020-01-25,1972-01-25,Huawei Fantastic,0
1,own,little,little,339,12,education,male,2020-02-11,1975-02-11,iPhone 10 White,0
2,own,moderate,moderate,3512,24,car,male,2020-05-07,1982-05-07,Samsung Fantastic,0
1,own,,,1898,6,radio/TV,male,2020-01-26,1986-01-26,Huawei Great,0
2,own,moderate,,2872,24,radio/TV,male,2020-05-07,1984-05-07,iPhone 11 Black,0
2,own,little,,1055,18,car,female,2020-03-10,1990-03-10,Ericsson Very Old,0
2,own,quite rich,,1262,15,domestic appliances,male,2020-04-22,1984-04-22,Samsung Amazing,0
3,free,little,moderate,7308,10,car,male,2020-04-01,1950-04-01,iPhone 9,0
2,own,quite rich,,909,36,car,male,2020-03-12,1984-03-12,OPPO Reno 2,0
2,own,quite rich,,2978,6,furniture/equipment,male,2020-02-11,1988-02-11,iPhone 9,0
2,own,little,little,1131,18,furniture/equipment,female,2020-04-26,1987-04-26,OPPO Reno 2,1
2,own,rich,moderate,1577,11,furniture/equipment,female,2020-01-17,2000-01-17,Huawei Great,0
2,rent,little,,3972,24,furniture/equipment,female,2020-04-10,1995-04-10,Nokia Old,0
2,own,little,moderate,1935,24,business,male,2020-04-06,1989-04-06,iPhone 10 White,1
2,rent,little,little,950,15,car,male,2020-04-20,1987-04-20,Samsung Amazing,1
2,own,little,,763,12,furniture/equipment,female,2020-04-02,1994-04-02,OPPO Reno 2,0
3,own,little,moderate,2064,24,furniture/equipment,female,2020-03-28,1986-03-28,iPhone 11 Black,1
2,own,little,moderate,1414,8,radio/TV,male,2020-02-22,1987-02-22,Nokia Old,0
2,own,little,little,3414,21,education,male,2020-01-18,1994-01-18,iPhone 11 Black,1
3,own,,,7485,30,car,female,2020-03-25,1967-03-25,OPPO Reno 2,1
2,own,little,little,2577,12,furniture/equipment,male,2020-05-04,1978-05-04,Huawei Great,0
2,own,quite rich,little,338,6,radio/TV,male,2020-01-25,1968-01-25,iPhone 10 White,0
3,rent,little,,1963,12,radio/TV,male,2020-02-08,1989-02-08,Huawei Fantastic,0
2,own,little,little,571,21,car,male,2020-01-14,1955-01-14,Ericsson Very Old,0
2,own,little,,9572,36,business,male,2020-02-17,1992-02-17,iPhone 10 Black,1
3,own,little,moderate,4455,36,business,male,2020-05-11,1990-05-11,Nokia Very Old,1
1,own,,little,1647,21,car,male,2020-05-12,1980-05-12,One Plus 8 128 GB,1
2,own,rich,,3777,24,furniture/equipment,male,2020-04-28,1970-04-28,Huawei Fantastic,0
2,own,little,moderate,884,18,car,male,2020-02-23,1984-02-23,One Plus 8 128 GB,1
2,own,little,,1360,15,radio/TV,male,2020-02-13,1989-02-13,Huawei Awesome,0
3,free,little,moderate,5129,9,car,female,2020-04-27,1946-04-27,Samsung Amazing,1
0,free,little,moderate,1175,16,car,male,2020-02-25,1952-02-25,Huawei Fantastic,0
2,own,moderate,little,674,12,radio/TV,male,2020-03-05,2000-03-05,iPhone 9,1
2,own,little,moderate,3244,18,furniture/equipment,female,2020-02-29,1987-02-28,Samsung Awesome,0
3,own,rich,,4591,24,business,male,2020-01-31,1966-01-31,iPhone 11 Black,1
1,free,moderate,moderate,3844,48,business,male,2020-01-17,1986-01-17,iPhone 9,1
2,own,little,moderate,3915,27,business,male,2020-04-12,1984-04-12,iPhone 9,1
2,rent,little,,2108,6,radio/TV,male,2020-02-05,1991-02-05,Ericsson Very Old,0
2,rent,moderate,moderate,3031,45,radio/TV,male,2020-02-16,1999-02-16,OPPO Find X2 256 GB,1
3,own,little,moderate,1501,9,education,female,2020-02-04,1986-02-04,Nokia Very Old,1
2,own,little,,1382,6,radio/TV,female,2020-05-10,1992-05-10,Huawei Fantastic,0
2,rent,moderate,moderate,951,12,furniture/equipment,female,2020-03-17,1993-03-17,iPhone 10 White,1
2,free,,moderate,2760,24,car,male,2020-04-30,1984-04-30,OPPO Reno 2,0
3,own,little,moderate,4297,18,furniture/equipment,male,2020-02-02,1980-02-02,Huawei Awesome,1
2,own,quite rich,,936,9,education,male,2020-04-30,1968-04-30,Nokia Very Old,0
1,own,little,little,1168,12,car,male,2020-05-07,1993-05-07,One Plus 8 128 GB,0
2,own,little,,5117,27,business,male,2020-04-11,1994-04-11,Huawei Great,0
2,rent,little,little,902,12,education,male,2020-02-24,1999-02-24,Ericsson Very Old,1
1,own,little,,1495,12,car,male,2020-01-31,1982-01-31,Huawei Fantastic,0
3,free,little,little,10623,30,car,male,2020-05-01,1982-05-01,iPhone 9,0
2,own,little,,1935,12,furniture/equipment,male,2020-04-10,1977-04-10,OPPO Find X2 256 GB,0
2,own,little,moderate,1424,12,domestic appliances,male,2020-04-16,1994-04-16,Ericsson Very Old,0
1,own,little,little,6568,24,business,male,2020-05-07,1999-05-07,Samsung Amazing,0
2,own,rich,,1413,12,car,male,2020-01-31,1965-01-31,Huawei Great,0
2,own,,,3074,9,radio/TV,male,2020-05-14,1987-05-14,iPhone 10 White,0
1,own,,,3835,36,radio/TV,female,2020-04-13,1975-04-13,Samsung Amazing,0
2,own,little,little,5293,27,business,male,2020-04-13,1970-04-13,iPhone 11 Black,1
3,own,little,rich,1908,30,business,male,2020-01-06,1954-01-06,OPPO Reno 2,1
2,own,,,3342,36,radio/TV,male,2020-02-07,1969-02-07,iPhone 11 Black,0
1,own,,moderate,932,6,education,female,2020-01-10,1981-01-10,iPhone 11 Black,0
2,own,little,little,3104,18,business,male,2020-04-19,1989-04-19,iPhone 9,0
2,own,little,rich,3913,36,radio/TV,male,2020-02-20,1997-02-20,Nokia Old,0
1,rent,little,little,3021,24,furniture/equipment,male,2020-03-19,1996-03-19,Huawei Awesome,0
2,own,little,,1364,10,car,female,2020-03-02,1956-03-02,iPhone 9,0
1,own,little,moderate,625,12,radio/TV,male,2020-02-13,1994-02-13,iPhone 10 White,0
2,rent,,little,1200,12,education,female,2020-02-14,1997-02-14,OPPO Reno 2,0
2,own,little,,707,12,radio/TV,male,2020-04-19,1990-04-19,iPhone 11 Black,0
2,own,,,2978,24,business,male,2020-02-19,1988-02-19,Huawei Awesome,0
2,own,little,,4657,15,car,male,2020-03-24,1990-03-24,iPhone 10 White,0
2,own,little,,2613,36,repairs,male,2020-03-04,1993-03-04,iPhone 10 White,0
2,own,rich,moderate,10961,48,radio/TV,male,2020-03-15,1993-03-15,Huawei Awesome,1
3,free,little,little,7865,12,furniture/equipment,male,2020-04-03,1967-04-03,Nokia Old,1
2,own,little,,1478,9,radio/TV,male,2020-04-11,1998-04-11,Huawei Fantastic,1
2,free,little,little,3149,24,furniture/equipment,male,2020-01-31,1998-01-31,iPhone 11 Black,0
2,own,little,rich,4210,36,radio/TV,male,2020-03-25,1994-03-25,Nokia Very Old,1
1,free,quite rich,,2507,9,car,male,2020-04-04,1969-04-04,Samsung Awesome,0
2,own,moderate,,2141,12,radio/TV,male,2020-04-04,1985-04-04,Nokia Old,0
1,own,little,moderate,866,18,radio/TV,male,2020-01-13,1995-01-13,One Plus 8 128 GB,0
1,own,little,,1544,4,radio/TV,male,2020-02-06,1978-02-06,Nokia Very Old,0
3,own,little,little,1823,24,radio/TV,male,2020-02-19,1990-02-19,Nokia Old,1
0,own,,moderate,14555,6,car,male,2020-02-13,1997-02-13,iPhone 11 Black,1
1,rent,moderate,moderate,2767,21,business,male,2020-03-14,1959-03-14,Ericsson Very Old,1
2,own,little,,1291,12,radio/TV,female,2020-01-29,1985-01-29,Samsung Awesome,0
2,own,little,little,2522,30,radio/TV,male,2020-04-28,1981-04-28,Samsung Awesome,0
2,own,,little,915,24,car,female,2020-03-23,1991-03-23,Huawei Fantastic,1
2,own,little,,1595,6,radio/TV,male,2020-04-13,1969-04-13,iPhone 9,0
2,free,little,little,4605,48,car,male,2020-04-27,1996-04-27,Huawei Fantastic,1
2,own,little,,1185,12,business,female,2020-01-06,1993-01-06,Huawei Awesome,0
1,own,quite rich,,3447,12,education,female,2020-02-16,1985-02-16,Samsung Fantastic,0
2,own,little,,1258,24,business,male,2020-02-29,1995-02-28,iPhone 11 Black,0
2,own,little,,717,12,radio/TV,male,2020-05-01,1968-05-01,One Plus 8 128 GB,0
2,rent,moderate,,1204,6,car,male,2020-05-03,1985-05-03,iPhone 10 White,0
2,own,little,rich,1925,24,furniture/equipment,male,2020-04-13,1994-04-13,iPhone 10 White,0
2,rent,little,,433,18,radio/TV,female,2020-04-07,1998-04-07,Ericsson Very Old,1
1,own,rich,little,666,6,car,female,2020-01-07,1981-01-07,Huawei Fantastic,0
1,own,little,rich,2251,12,furniture/equipment,female,2020-04-13,1974-04-13,OPPO Find X2 256 GB,0
2,own,little,moderate,2150,30,car,female,2020-05-05,1996-05-05,Samsung Amazing,1
2,own,moderate,,4151,24,furniture/equipment,male,2020-03-06,1985-03-06,Huawei Awesome,0
2,own,,moderate,2030,9,furniture/equipment,male,2020-01-14,1996-01-14,iPhone 11 Black,0
1,own,,moderate,7418,60,radio/TV,male,2020-01-18,1993-01-18,One Plus 8 128 GB,0
1,own,little,,2684,24,radio/TV,male,2020-04-29,1985-04-29,Ericsson Very Old,0
2,free,little,little,2149,12,radio/TV,male,2020-01-23,1991-01-23,Nokia Old,1
2,own,moderate,,3812,15,car,female,2020-02-21,1997-02-21,iPhone 10 White,0
1,own,moderate,,1154,11,radio/TV,female,2020-02-09,1963-02-09,Huawei Fantastic,0
2,own,little,little,1657,12,furniture/equipment,male,2020-01-30,1993-01-30,OPPO Find X2 256 GB,0
2,own,little,little,1603,24,radio/TV,female,2020-04-26,1965-04-26,OPPO Reno 2,0
3,free,little,little,5302,18,car,male,2020-04-06,1984-04-06,Huawei Fantastic,0
1,free,little,,2748,12,education,female,2020-02-21,1963-02-21,Samsung Awesome,0
1,own,little,,1231,10,car,male,2020-05-02,1988-05-02,iPhone 9,0
2,own,little,moderate,802,15,radio/TV,male,2020-05-13,1983-05-13,iPhone 10 White,1
2,own,,,6304,36,business,male,2020-02-23,1984-02-23,One Plus 8 128 GB,0
2,own,little,,1533,24,radio/TV,female,2020-04-16,1982-04-16,iPhone 11 Black,0
3,own,little,little,8978,14,car,male,2020-02-08,1975-02-08,OPPO Reno 2,1
2,own,,,999,24,radio/TV,male,2020-02-10,1995-02-10,iPhone 11 Black,0
2,own,,,2662,18,car,male,2020-03-03,1988-03-03,One Plus 8 128 GB,0
2,rent,quite rich,,1402,12,furniture/equipment,female,2020-01-24,1983-01-24,iPhone 10 White,0
3,free,,moderate,12169,48,car,male,2020-03-10,1984-03-10,Huawei Great,0
2,own,little,moderate,3060,48,radio/TV,male,2020-03-22,1992-03-22,Samsung Awesome,1
1,own,little,little,11998,30,repairs,male,2020-01-18,1986-01-18,OPPO Reno 2,1
2,own,little,,2697,9,radio/TV,male,2020-01-26,1988-01-26,Ericsson Very Old,0
2,own,little,,2404,18,radio/TV,female,2020-04-22,1994-04-22,OPPO Find X2 256 GB,0
1,own,,little,1262,12,furniture/equipment,male,2020-02-29,1971-02-28,Nokia Old,0
2,own,little,,4611,6,furniture/equipment,female,2020-03-12,1988-03-12,iPhone 9,1
3,rent,moderate,,1901,24,radio/TV,male,2020-05-12,1991-05-12,iPhone 10 Black,0
2,rent,rich,,3368,15,car,male,2020-03-14,1997-03-14,iPhone 9,0
2,own,little,,1574,12,furniture/equipment,male,2020-03-07,1970-03-07,Samsung Awesome,0
1,own,,rich,1445,18,radio/TV,male,2020-02-25,1971-02-25,iPhone 10 White,0
2,own,,,1520,15,furniture/equipment,male,2020-03-18,1957-03-18,Ericsson Very Old,0
2,own,moderate,moderate,3878,24,car,male,2020-04-20,1983-04-20,Huawei Awesome,0
1,own,little,little,10722,47,car,female,2020-03-02,1985-03-02,iPhone 10 Black,0
2,own,little,little,4788,48,car,male,2020-03-20,1994-03-20,Huawei Great,0
3,free,moderate,moderate,7582,48,vacation/others,male,2020-04-02,1989-04-02,iPhone 11 Black,0
2,own,little,moderate,1092,12,radio/TV,female,2020-04-04,1971-04-04,Nokia Old,0
2,own,little,little,1024,24,radio/TV,male,2020-05-06,1972-05-06,OPPO Reno 2,1
2,own,little,,1076,12,business,male,2020-05-01,1994-05-01,iPhone 11 Black,0
3,rent,little,moderate,9398,36,car,male,2020-01-08,1992-01-08,iPhone 10 Black,1
3,free,little,little,6419,24,car,female,2020-02-20,1976-02-20,iPhone 11 Black,0
2,free,little,rich,4796,42,car,male,2020-03-14,1964-03-14,Ericsson Very Old,0
3,own,,,7629,48,business,male,2020-01-18,1974-01-18,iPhone 10 White,0
2,own,little,moderate,9960,48,furniture/equipment,female,2020-02-11,1994-02-11,Samsung Fantastic,1
2,rent,,,4675,12,car,female,2020-03-06,2000-03-06,Samsung Amazing,0
1,own,,,1287,10,car,male,2020-05-11,1975-05-11,Samsung Amazing,0
2,own,little,,2515,18,furniture/equipment,male,2020-05-03,1977-05-03,Huawei Awesome,0
2,own,rich,moderate,2745,21,furniture/equipment,male,2020-03-26,1988-03-26,OPPO Find X2 256 GB,0
0,own,little,,672,6,car,female,2020-03-28,1966-03-28,Huawei Fantastic,0
2,own,little,moderate,3804,36,radio/TV,female,2020-04-17,1978-04-17,iPhone 10 Black,1
1,own,,rich,1344,24,car,male,2020-03-06,1983-03-06,OPPO Reno 2,1
2,own,little,little,1038,10,car,male,2020-01-04,1971-01-04,iPhone 10 Black,0
2,free,quite rich,,10127,48,car,male,2020-04-01,1976-04-01,iPhone 10 White,1
2,own,rich,,1543,6,furniture/equipment,male,2020-04-11,1987-04-11,iPhone 10 White,0
1,rent,,,4811,30,car,female,2020-01-21,1996-01-21,Huawei Fantastic,0
1,own,moderate,little,727,12,radio/TV,male,2020-02-11,1987-02-11,OPPO Reno 2,1
2,own,little,moderate,1237,8,furniture/equipment,female,2020-03-10,1996-03-10,Huawei Great,1
1,rent,little,moderate,276,9,car,male,2020-01-21,1998-01-21,iPhone 11 Black,0
0,free,,moderate,5381,48,vacation/others,male,2020-05-12,1980-05-12,iPhone 11 Black,0
2,own,moderate,,5511,24,furniture/equipment,male,2020-02-13,1995-02-13,iPhone 11 Black,0
2,own,little,rich,3749,24,furniture/equipment,female,2020-04-23,1994-04-23,Huawei Fantastic,0
1,own,little,moderate,685,12,car,male,2020-03-10,1995-03-10,iPhone 10 White,1
1,own,,rich,1494,4,car,male,2020-02-05,1991-02-05,Huawei Fantastic,0
2,own,little,little,2746,36,furniture/equipment,male,2020-04-12,1989-04-12,Ericsson Very Old,1
1,own,little,little,708,12,furniture/equipment,male,2020-01-03,1982-01-03,Samsung Fantastic,0
1,own,,moderate,4351,24,furniture/equipment,female,2020-05-04,1972-05-04,iPhone 10 White,0
2,own,little,,701,12,education,male,2020-02-01,1988-02-01,Nokia Very Old,0
1,own,little,little,3643,15,furniture/equipment,female,2020-02-02,1993-02-02,iPhone 11 Black,0
3,own,little,moderate,4249,30,car,male,2020-04-06,1992-04-06,Ericsson Very Old,1
2,own,little,little,1938,24,radio/TV,male,2020-01-19,1988-01-19,iPhone 11 Black,1
3,free,little,little,2910,24,car,male,2020-02-25,1986-02-25,iPhone 9,0
2,own,rich,little,2659,18,furniture/equipment,male,2020-04-07,1992-04-07,Huawei Fantastic,0
2,own,little,,1028,18,car,female,2020-01-12,1984-01-12,Huawei Great,0
1,own,little,little,3398,8,car,male,2020-02-07,1981-02-07,iPhone 11 Black,0
2,rent,,,5801,12,furniture/equipment,male,2020-04-28,1971-04-28,Huawei Fantastic,0
2,own,rich,,1525,24,car,female,2020-03-25,1986-03-25,One Plus 8 128 GB,0
2,own,little,rich,4473,36,radio/TV,male,2020-01-18,1989-01-18,Nokia Old,0
2,own,little,moderate,1068,6,radio/TV,male,2020-02-04,1992-02-04,One Plus 8 128 GB,0
3,free,little,little,6615,24,car,male,2020-01-09,1945-01-09,iPhone 11 Black,0
2,own,moderate,,1864,18,education,female,2020-05-14,1990-05-14,Huawei Great,1
3,own,moderate,moderate,7408,60,car,female,2020-05-09,1996-05-09,Huawei Awesome,1
1,rent,moderate,,11590,48,car,female,2020-02-21,1996-02-21,iPhone 9,1
2,rent,little,little,4110,24,furniture/equipment,male,2020-01-11,1997-01-11,Samsung Amazing,1
3,rent,little,little,3384,6,furniture/equipment,male,2020-01-07,1976-01-07,Ericsson Very Old,1
1,own,little,moderate,2101,13,radio/TV,female,2020-04-02,1997-04-02,Huawei Great,0
2,rent,,little,1275,15,domestic appliances,female,2020-02-09,1996-02-09,Samsung Fantastic,1
2,own,little,little,4169,24,furniture/equipment,male,2020-02-17,1992-02-17,iPhone 11 Black,0
1,own,little,moderate,1521,10,furniture/equipment,male,2020-02-17,1989-02-17,Huawei Fantastic,0
2,free,little,moderate,5743,24,education,female,2020-01-05,1996-01-05,Samsung Fantastic,0
1,rent,little,little,3599,21,furniture/equipment,female,2020-03-11,1994-03-11,Samsung Fantastic,0
2,rent,quite rich,moderate,3213,18,radio/TV,male,2020-05-01,1995-05-01,OPPO Reno 2,0
3,own,little,moderate,4439,18,business,male,2020-04-15,1987-04-15,One Plus 8 128 GB,0
1,own,little,rich,3949,10,car,male,2020-04-16,1983-04-16,iPhone 10 Black,0
1,own,little,,1459,15,radio/TV,female,2020-04-17,1977-04-17,iPhone 9,0
2,own,little,moderate,882,13,radio/TV,male,2020-03-23,1997-03-23,One Plus 8 128 GB,0
0,rent,quite rich,moderate,3758,24,radio/TV,female,2020-02-26,1997-02-26,Huawei Awesome,0
1,own,moderate,,1743,6,business,male,2020-01-23,1986-01-23,Nokia Old,0
2,free,rich,moderate,1136,9,education,male,2020-02-09,1988-02-09,Huawei Awesome,1
2,rent,little,,1236,9,domestic appliances,female,2020-01-06,1997-01-06,Huawei Awesome,0
2,own,little,moderate,959,9,furniture/equipment,female,2020-03-29,1991-03-29,Huawei Great,1
3,own,,,3229,18,car,male,2020-03-26,1982-03-26,Nokia Very Old,0
2,rent,little,little,6199,12,radio/TV,male,2020-04-02,1992-04-02,iPhone 11 Black,1
2,free,quite rich,,727,10,education,male,2020-03-31,1974-03-31,Nokia Very Old,0
1,own,little,moderate,1246,24,car,male,2020-01-08,1997-01-08,Samsung Amazing,1
2,own,,,2331,12,radio/TV,male,2020-01-29,1971-01-29,Huawei Great,0
3,own,little,,4463,36,radio/TV,male,2020-03-16,1994-03-16,Nokia Old,1
2,own,little,,776,12,radio/TV,male,2020-02-09,1992-02-09,Nokia Very Old,0
2,rent,little,little,2406,30,furniture/equipment,female,2020-03-01,1997-03-01,iPhone 10 Black,1
2,free,,moderate,1239,18,education,male,2020-01-20,1959-01-20,Samsung Fantastic,0
3,own,,rich,3399,12,radio/TV,male,2020-04-05,1983-04-05,OPPO Reno 2,0
2,own,little,rich,2247,12,car,female,2020-01-07,1984-01-07,iPhone 9,0
2,rent,little,,1766,6,furniture/equipment,male,2020-02-10,1999-02-10,Huawei Great,0
0,own,little,little,2473,18,furniture/equipment,male,2020-01-23,1995-01-23,Nokia Old,1
2,own,little,,1542,12,business,male,2020-02-03,1984-02-03,Samsung Amazing,0
2,own,little,,3850,18,car,male,2020-05-07,1993-05-07,iPhone 9,0
2,rent,little,little,3650,18,furniture/equipment,female,2020-03-27,1998-03-27,OPPO Find X2 256 GB,0
2,own,little,little,3446,36,furniture/equipment,male,2020-05-04,1978-05-04,iPhone 9,1
2,rent,little,moderate,3001,18,furniture/equipment,female,2020-03-01,1980-03-01,OPPO Find X2 256 GB,0
2,own,,,3079,36,car,male,2020-04-27,1984-04-27,iPhone 9,0
2,own,little,,6070,18,radio/TV,male,2020-03-12,1987-03-12,Samsung Amazing,0
2,rent,little,,2146,10,furniture/equipment,female,2020-04-28,1997-04-28,Samsung Fantastic,0
3,free,,,13756,60,car,male,2020-01-29,1957-01-29,iPhone 10 Black,0
3,free,moderate,moderate,14782,60,vacation/others,female,2020-03-05,1960-03-05,Nokia Old,1
2,rent,little,little,7685,48,business,female,2020-02-18,1983-02-18,Huawei Fantastic,1
2,own,little,,2320,18,radio/TV,male,2020-01-10,1986-01-10,Samsung Fantastic,0
2,free,,,846,7,radio/TV,male,2020-01-17,1984-01-17,OPPO Find X2 256 GB,0
3,free,little,moderate,14318,36,car,male,2020-02-10,1963-02-10,iPhone 11 Black,1
1,own,moderate,,362,6,car,female,2020-05-14,1968-05-14,iPhone 11 Black,0
2,own,,little,2212,20,furniture/equipment,male,2020-02-29,1981-02-28,OPPO Find X2 256 GB,0
3,free,little,moderate,12976,18,car,female,2020-03-17,1982-03-17,Huawei Great,1
2,rent,,,1283,22,car,female,2020-03-30,1995-03-30,Nokia Old,0
2,own,little,rich,1330,12,car,male,2020-02-19,1994-02-19,iPhone 11 Black,0
1,own,moderate,,4272,30,business,male,2020-01-03,1994-01-03,OPPO Find X2 256 GB,0
2,own,little,,2238,18,radio/TV,female,2020-04-06,1995-04-06,iPhone 11 Black,0
2,rent,,,1126,18,radio/TV,female,2020-05-14,1999-05-14,One Plus 8 128 GB,0
3,own,little,moderate,7374,18,furniture/equipment,male,2020-02-07,1980-02-07,Samsung Awesome,0
2,own,quite rich,moderate,2326,15,business,male,2020-01-05,1993-01-05,Ericsson Very Old,0
2,own,little,,1449,9,business,female,2020-02-15,1993-02-15,Samsung Fantastic,0
3,own,little,,1820,18,car,male,2020-04-20,1990-04-20,One Plus 8 128 GB,0
1,rent,rich,moderate,983,12,furniture/equipment,female,2020-05-11,2001-05-11,Ericsson Very Old,0
3,free,little,little,3249,36,car,male,2020-02-17,1981-02-17,Nokia Old,0
2,own,little,little,1957,6,radio/TV,female,2020-03-24,1989-03-24,Nokia Very Old,0
3,own,little,,2406,9,furniture/equipment,male,2020-01-05,1989-01-05,Huawei Awesome,0
2,rent,moderate,moderate,11760,39,education,male,2020-01-16,1988-01-16,iPhone 10 Black,0
3,free,little,little,2578,12,furniture/equipment,female,2020-04-06,1965-04-06,Huawei Fantastic,0
2,own,little,little,2348,36,furniture/equipment,male,2020-03-07,1974-03-07,Ericsson Very Old,0
2,rent,little,moderate,1223,12,car,male,2020-01-03,1974-01-03,Huawei Great,1
1,own,rich,,1516,24,radio/TV,female,2020-01-01,1977-01-01,Nokia Old,0
2,own,little,,1473,18,radio/TV,male,2020-04-03,1981-04-03,Huawei Awesome,0
2,own,,moderate,1887,18,business,male,2020-01-07,1992-01-07,Nokia Very Old,0
2,own,little,,8648,24,business,male,2020-04-23,1993-04-23,iPhone 9,1
1,own,little,,802,14,car,male,2020-01-02,1993-01-02,Ericsson Very Old,0
2,own,,moderate,2899,18,car,male,2020-03-31,1977-03-31,Nokia Old,0
2,own,little,moderate,2039,24,radio/TV,male,2020-02-20,1998-02-20,OPPO Reno 2,1
2,own,,,2197,24,car,male,2020-01-05,1977-01-05,iPhone 9,0
2,own,little,little,1053,15,radio/TV,male,2020-01-19,1993-01-19,One Plus 8 128 GB,0
3,own,quite rich,,3235,24,radio/TV,male,2020-04-01,1994-04-01,Huawei Great,0
2,own,quite rich,rich,939,12,car,male,2020-02-11,1992-02-11,Ericsson Very Old,1
2,own,little,moderate,1967,24,radio/TV,female,2020-02-23,2000-02-23,Huawei Fantastic,0
3,own,little,,7253,33,car,male,2020-01-10,1985-01-10,Huawei Awesome,0
3,own,little,,2292,12,business,male,2020-02-29,1978-02-28,iPhone 10 White,1
1,rent,quite rich,,1597,10,car,male,2020-03-04,1980-03-04,iPhone 10 White,0
2,own,,little,1381,24,car,female,2020-02-14,1985-02-14,Samsung Amazing,1
2,own,little,,5842,36,car,male,2020-02-16,1985-02-16,Nokia Old,0
1,own,little,little,2579,12,car,male,2020-01-03,1987-01-03,iPhone 11 Black,1
2,rent,,little,8471,18,education,female,2020-04-28,1997-04-28,iPhone 10 White,0
3,own,quite rich,,2782,21,car,female,2020-03-30,1989-03-30,Samsung Awesome,0
2,own,,moderate,1042,18,car,female,2020-04-06,1987-04-06,Ericsson Very Old,1
2,rent,rich,,3186,15,car,female,2020-02-12,2000-02-12,Huawei Fantastic,0
2,own,,moderate,2028,12,car,male,2020-05-06,1990-05-06,iPhone 11 Black,0
1,own,little,moderate,958,12,car,male,2020-03-09,1973-03-09,Huawei Awesome,0
3,own,moderate,,1591,21,furniture/equipment,male,2020-04-26,1986-04-26,Nokia Old,0
2,own,,moderate,2762,12,furniture/equipment,female,2020-04-19,1995-04-19,Ericsson Very Old,1
2,rent,little,moderate,2779,18,car,male,2020-04-16,1999-04-16,Nokia Very Old,0
2,own,little,,2743,28,radio/TV,male,2020-02-18,1991-02-18,OPPO Reno 2,0
2,own,rich,,1149,18,radio/TV,male,2020-02-06,1974-02-06,Huawei Awesome,0
2,own,little,,1313,9,furniture/equipment,male,2020-01-25,2000-01-25,iPhone 10 White,0
0,free,little,little,1190,18,repairs,female,2020-05-03,1965-05-03,Nokia Very Old,1
1,own,little,,3448,5,business,male,2020-04-06,1946-04-06,Ericsson Very Old,0
3,own,little,moderate,11328,24,vacation/others,male,2020-02-28,1991-02-28,One Plus 8 128 GB,1
3,free,little,little,1872,6,furniture/equipment,male,2020-02-21,1984-02-21,Samsung Fantastic,0
2,own,little,,2058,24,repairs,male,2020-02-24,1987-02-24,One Plus 8 128 GB,0
2,own,little,little,2136,9,furniture/equipment,male,2020-02-24,1995-02-24,Ericsson Very Old,0
2,own,,moderate,1484,12,radio/TV,male,2020-03-14,1995-03-14,Samsung Amazing,1
1,rent,quite rich,,660,6,repairs,male,2020-03-09,1997-03-09,iPhone 10 Black,0
2,own,rich,,1287,24,car,female,2020-04-13,1983-04-13,Samsung Fantastic,0
0,own,little,little,3394,42,repairs,male,2020-01-23,1955-01-23,iPhone 10 Black,0
0,own,little,rich,609,12,business,female,2020-01-28,1994-01-28,Nokia Very Old,1
3,own,little,,1884,12,car,male,2020-04-12,1981-04-12,Samsung Amazing,0
2,own,little,little,1620,12,furniture/equipment,female,2020-03-06,1990-03-06,Samsung Amazing,0
2,own,little,moderate,2629,20,vacation/others,male,2020-01-17,1991-01-17,Huawei Fantastic,0
1,own,little,,719,12,education,male,2020-01-06,1979-01-06,iPhone 9,1
3,own,little,moderate,5096,48,furniture/equipment,female,2020-04-21,1990-04-21,Huawei Awesome,1
1,rent,,,1244,9,education,female,2020-05-13,1979-05-13,Samsung Awesome,0
2,own,little,little,1842,36,car,female,2020-03-22,1986-03-22,One Plus 8 128 GB,1
2,own,little,moderate,2576,7,radio/TV,male,2020-05-01,1985-05-01,Ericsson Very Old,0
3,own,,rich,1424,12,furniture/equipment,female,2020-01-30,1965-01-30,Huawei Fantastic,0
2,own,rich,moderate,1512,15,repairs,male,2020-04-02,1959-04-02,iPhone 11 Black,1
3,own,,,11054,36,car,male,2020-01-26,1990-01-26,Samsung Amazing,0
2,own,little,,518,6,radio/TV,female,2020-02-29,1991-02-28,iPhone 9,0
2,own,little,,2759,12,furniture/equipment,male,2020-01-08,1986-01-08,OPPO Reno 2,0
3,own,little,,2670,24,car,male,2020-04-02,1985-04-02,Huawei Awesome,0
2,own,little,little,4817,24,car,male,2020-01-14,1989-01-14,OPPO Reno 2,1
3,own,little,,2679,24,car,female,2020-02-13,1991-02-13,Ericsson Very Old,0
2,rent,little,little,3905,11,car,male,2020-04-15,1984-04-15,iPhone 11 Black,0
2,free,little,little,3386,12,car,male,2020-05-11,1985-05-11,OPPO Reno 2,1
2,own,little,little,343,6,domestic appliances,female,2020-04-16,1993-04-16,Huawei Fantastic,0
2,own,little,,4594,18,radio/TV,male,2020-04-02,1988-04-02,Ericsson Very Old,0
2,own,little,little,3620,36,furniture/equipment,male,2020-02-12,1983-02-12,Huawei Awesome,0
2,own,little,little,1721,15,car,male,2020-02-02,1984-02-02,Ericsson Very Old,0
3,rent,little,moderate,3017,12,furniture/equipment,female,2020-02-11,1986-02-11,iPhone 11 Black,0
2,own,,moderate,754,12,education,male,2020-01-10,1982-01-10,Huawei Awesome,0
2,own,little,,1950,18,business,male,2020-01-17,1986-01-17,Samsung Awesome,0
2,own,little,little,2924,24,car,male,2020-01-02,1957-01-02,One Plus 8 128 GB,0
1,rent,little,little,1659,24,radio/TV,female,2020-02-10,1991-02-10,Samsung Fantastic,1
2,own,,,7238,48,radio/TV,male,2020-01-10,1988-01-10,Huawei Fantastic,0
2,own,little,,2764,33,business,female,2020-02-10,1994-02-10,Ericsson Very Old,0
1,own,little,,4679,24,car,male,2020-04-28,1985-04-28,Huawei Awesome,0
2,rent,moderate,moderate,3092,24,radio/TV,male,2020-02-17,1998-02-17,OPPO Find X2 256 GB,1
2,own,little,little,448,6,education,female,2020-02-08,1997-02-08,iPhone 10 White,1
1,own,little,little,654,9,car,male,2020-04-25,1992-04-25,Samsung Fantastic,1
3,own,,,1238,6,education,male,2020-03-11,1984-03-11,iPhone 11 Black,0
2,own,little,moderate,1245,18,radio/TV,male,2020-02-02,1987-02-02,OPPO Find X2 256 GB,1
2,rent,little,little,3114,18,furniture/equipment,female,2020-03-25,1994-03-25,Nokia Old,1
2,own,quite rich,,2569,39,car,male,2020-03-22,1996-03-22,One Plus 8 128 GB,0
2,own,little,rich,5152,24,radio/TV,male,2020-01-05,1995-01-05,OPPO Find X2 256 GB,0
1,own,moderate,moderate,1037,12,business,male,2020-01-22,1981-01-22,Samsung Awesome,0
2,own,little,little,1478,15,furniture/equipment,male,2020-03-18,1976-03-18,iPhone 10 Black,0
1,own,little,moderate,3573,12,radio/TV,female,2020-01-09,1997-01-09,Huawei Fantastic,0
2,own,little,moderate,1201,24,car,male,2020-03-02,1994-03-02,Huawei Awesome,0
2,rent,rich,little,3622,30,furniture/equipment,female,2020-04-17,1963-04-17,iPhone 11 Black,0
2,own,rich,,960,15,furniture/equipment,female,2020-02-15,1990-02-15,Nokia Very Old,0
2,own,quite rich,,1163,12,car,male,2020-01-07,1976-01-07,Samsung Fantastic,0
3,own,little,moderate,1209,6,car,male,2020-01-18,1973-01-18,iPhone 11 Black,1
2,own,little,,3077,12,radio/TV,male,2020-01-27,1968-01-27,Ericsson Very Old,0
2,free,little,,3757,24,car,female,2020-03-21,1958-03-21,iPhone 11 Black,0
1,rent,moderate,,1418,10,car,male,2020-02-01,1985-02-01,Samsung Fantastic,0
2,rent,little,,3518,6,car,male,2020-02-07,1994-02-07,OPPO Find X2 256 GB,0
2,own,little,,1934,12,radio/TV,male,2020-03-16,1994-03-16,Samsung Awesome,0
3,free,little,moderate,8318,27,business,female,2020-03-29,1978-03-29,iPhone 11 Black,1
2,own,moderate,,1237,6,radio/TV,female,2020-05-08,1993-05-08,iPhone 11 Black,0
2,own,,moderate,368,6,radio/TV,male,2020-02-15,1982-02-15,Samsung Amazing,0
1,rent,little,little,2122,12,car,male,2020-02-28,1981-02-28,OPPO Reno 2,0
2,own,,little,2996,24,furniture/equipment,male,2020-04-04,2000-04-04,Huawei Fantastic,1
3,rent,moderate,moderate,9034,36,furniture/equipment,male,2020-04-30,1991-04-30,Ericsson Very Old,1
2,own,little,,1585,24,furniture/equipment,male,2020-03-24,1980-03-24,iPhone 10 Black,0
1,own,little,moderate,1301,18,radio/TV,male,2020-02-09,1988-02-09,iPhone 10 Black,0
2,own,moderate,rich,1323,6,car,male,2020-02-19,1992-02-19,Ericsson Very Old,0
2,own,little,little,3123,24,car,female,2020-05-13,1993-05-13,iPhone 10 White,1
2,free,little,little,5493,36,car,male,2020-04-22,1978-04-22,OPPO Reno 2,0
2,own,moderate,rich,1126,9,radio/TV,male,2020-02-23,1971-02-23,iPhone 10 White,0
2,own,moderate,moderate,1216,24,radio/TV,male,2020-04-26,1982-04-26,iPhone 11 Black,1
2,rent,little,little,1207,24,car,female,2020-03-28,1996-03-28,One Plus 8 128 GB,1
1,own,,,1309,10,car,male,2020-02-10,1993-02-10,iPhone 11 Black,1
2,own,quite rich,rich,2360,15,car,male,2020-03-20,1984-03-20,Samsung Awesome,0
3,own,moderate,moderate,6850,15,car,male,2020-02-10,1986-02-10,iPhone 9,1
2,own,little,,1413,24,radio/TV,male,2020-01-16,1992-01-16,iPhone 9,0
3,own,moderate,,8588,39,car,male,2020-02-03,1975-02-03,Huawei Fantastic,0
2,own,little,little,759,12,car,male,2020-04-30,1994-04-30,OPPO Reno 2,1
3,free,little,,4686,36,car,male,2020-01-10,1988-01-10,Samsung Fantastic,0
2,rent,little,rich,2687,15,business,male,2020-02-06,1994-02-06,OPPO Reno 2,0
2,rent,little,moderate,585,12,radio/TV,male,2020-03-31,2000-03-31,Samsung Fantastic,0
2,own,,,2255,24,car,male,2020-04-21,1966-04-21,iPhone 11 Black,0
2,own,little,little,609,6,car,female,2020-03-17,1983-03-17,Ericsson Very Old,0
1,own,little,little,1361,6,car,male,2020-05-09,1980-05-09,iPhone 10 White,0
2,rent,little,,7127,36,furniture/equipment,female,2020-01-12,1997-01-12,Huawei Great,1
2,own,moderate,little,1203,6,car,male,2020-02-29,1977-02-28,iPhone 11 Black,0
2,free,,,700,6,radio/TV,male,2020-04-01,1984-04-01,Nokia Old,0
2,free,little,,5507,24,repairs,male,2020-05-06,1976-05-06,iPhone 11 Black,0
2,own,little,little,3190,18,radio/TV,female,2020-02-19,1996-02-19,OPPO Find X2 256 GB,1
2,free,little,little,7119,48,furniture/equipment,male,2020-01-21,1967-01-21,Huawei Great,1
2,own,moderate,,3488,24,car,female,2020-02-12,1997-02-12,Huawei Great,0
1,own,little,moderate,1113,18,radio/TV,female,2020-01-23,1994-01-23,Samsung Amazing,0
2,own,little,moderate,7966,26,car,male,2020-03-06,1990-03-06,iPhone 10 White,0
2,own,moderate,,1532,15,education,female,2020-03-04,1989-03-04,iPhone 11 Black,0
1,own,little,,1503,4,radio/TV,male,2020-04-26,1978-04-26,iPhone 9,0
2,rent,little,little,2302,36,radio/TV,male,2020-03-12,1989-03-12,iPhone 10 White,1
1,own,little,little,662,6,car,male,2020-02-16,1979-02-16,One Plus 8 128 GB,0
2,own,little,moderate,2273,36,education,male,2020-03-22,1988-03-22,iPhone 10 Black,0
2,rent,moderate,moderate,2631,15,car,female,2020-01-18,1992-01-18,iPhone 10 White,1
2,rent,little,,1503,12,car,male,2020-05-10,1979-05-10,Samsung Fantastic,0
2,own,moderate,,1311,24,radio/TV,male,2020-02-01,1994-02-01,One Plus 8 128 GB,0
2,own,,,3105,24,radio/TV,male,2020-04-02,1995-04-02,Huawei Fantastic,0
2,rent,little,rich,2319,21,education,male,2020-02-27,1987-02-27,OPPO Reno 2,1
3,own,,little,1374,6,car,female,2020-03-03,1945-03-03,Nokia Very Old,0
2,own,little,moderate,3612,18,furniture/equipment,female,2020-02-29,1983-02-28,Ericsson Very Old,0
3,free,little,little,7763,48,car,male,2020-05-07,1978-05-07,Samsung Awesome,1
1,own,little,rich,3049,18,furniture/equipment,female,2020-02-03,1975-02-03,iPhone 9,0
2,rent,little,moderate,1534,12,radio/TV,male,2020-01-20,1997-01-20,Nokia Old,1
2,free,little,,2032,24,car,male,2020-03-29,1960-03-29,Huawei Great,0
2,own,,little,6350,30,furniture/equipment,male,2020-02-03,1989-02-03,Samsung Awesome,1
1,own,little,rich,2864,18,furniture/equipment,male,2020-02-22,1986-02-22,Huawei Fantastic,1
1,own,little,,1255,12,car,male,2020-04-12,1959-04-12,Huawei Fantastic,0
2,free,little,little,1333,24,car,male,2020-01-11,1977-01-11,Huawei Awesome,1
2,own,little,,2022,24,car,female,2020-04-26,1983-04-26,Nokia Very Old,0
2,own,little,,1552,24,radio/TV,male,2020-03-03,1988-03-03,OPPO Reno 2,0
1,own,little,little,626,12,radio/TV,female,2020-04-02,1996-04-02,Huawei Awesome,1
2,free,,,8858,48,car,male,2020-05-07,1985-05-07,Huawei Awesome,0
2,own,,,996,12,repairs,female,2020-03-27,1997-03-27,OPPO Reno 2,0
1,own,quite rich,,1750,6,radio/TV,male,2020-02-18,1975-02-18,iPhone 10 Black,0
2,own,little,little,6999,48,radio/TV,male,2020-01-01,1986-01-01,iPhone 10 Black,1
2,own,moderate,moderate,1995,12,car,male,2020-01-21,1993-01-21,Huawei Fantastic,0
3,own,little,moderate,1199,9,education,female,2020-05-03,1953-05-03,One Plus 8 128 GB,0
2,own,little,moderate,1331,12,radio/TV,male,2020-01-26,1998-01-26,Samsung Amazing,1
2,own,moderate,moderate,2278,18,car,female,2020-03-08,1992-03-08,iPhone 10 Black,1
2,own,,,5003,21,car,female,2020-03-09,1991-03-09,Huawei Great,1
2,own,little,little,3552,24,furniture/equipment,male,2020-02-29,1993-02-28,iPhone 9,1
1,own,little,moderate,1928,18,furniture/equipment,male,2020-04-20,1989-04-20,Huawei Awesome,1
2,free,,little,2964,24,car,male,2020-04-24,1971-04-24,Huawei Great,0
1,rent,little,little,1546,24,radio/TV,male,2020-05-10,1996-05-10,OPPO Find X2 256 GB,1
2,own,little,rich,683,6,radio/TV,female,2020-03-24,1991-03-24,Huawei Fantastic,0
2,free,,moderate,12389,36,car,male,2020-04-17,1983-04-17,Nokia Very Old,1
3,own,,moderate,4712,24,business,male,2020-02-06,1983-02-06,Huawei Great,0
2,rent,moderate,moderate,1553,24,radio/TV,female,2020-04-08,1997-04-08,Samsung Amazing,0
2,own,little,little,1372,12,car,male,2020-02-18,1984-02-18,Nokia Old,1
2,own,rich,,2578,24,radio/TV,male,2020-04-08,1986-04-08,iPhone 10 Black,0
2,own,,moderate,3979,48,radio/TV,male,2020-03-20,1979-03-20,Samsung Fantastic,0
2,own,little,little,6758,48,radio/TV,female,2020-03-07,1989-03-07,Ericsson Very Old,1
1,rent,little,little,3234,24,furniture/equipment,female,2020-01-06,1997-01-06,Nokia Old,1
2,own,little,,5954,30,radio/TV,male,2020-03-21,1982-03-21,Samsung Amazing,0
3,rent,,,5433,24,car,female,2020-03-07,1994-03-07,Samsung Fantastic,0
1,own,little,little,806,15,business,female,2020-02-23,1998-02-23,iPhone 11 Black,0
1,own,little,moderate,1082,9,radio/TV,male,2020-04-16,1993-04-16,OPPO Find X2 256 GB,0
2,own,little,,2788,15,furniture/equipment,female,2020-02-05,1996-02-05,iPhone 10 Black,0
2,own,little,moderate,2930,12,radio/TV,female,2020-04-14,1993-04-14,iPhone 9,0
2,own,,,1927,24,education,female,2020-01-09,1987-01-09,iPhone 11 Black,0
2,own,little,moderate,2820,36,car,male,2020-01-09,1993-01-09,Huawei Fantastic,1
1,own,little,,937,24,education,male,2020-01-07,1993-01-07,Samsung Amazing,0
2,own,little,moderate,1056,18,car,male,2020-01-19,1990-01-19,OPPO Reno 2,1
1,own,little,moderate,3124,12,car,male,2020-03-27,1971-03-27,iPhone 11 Black,0
2,rent,little,,1388,9,furniture/equipment,female,2020-03-31,1994-03-31,OPPO Reno 2,0
1,rent,little,moderate,2384,36,repairs,male,2020-01-25,1987-01-25,iPhone 10 White,1
3,free,,,2133,12,car,female,2020-01-26,1968-01-26,Huawei Awesome,0
2,rent,little,little,2039,18,furniture/equipment,female,2020-02-02,2000-02-02,Huawei Awesome,1
2,rent,little,little,2799,9,car,male,2020-01-28,1984-01-28,Nokia Very Old,0
1,own,little,little,1289,12,furniture/equipment,male,2020-02-13,1999-02-13,Nokia Very Old,0
1,own,little,little,1217,18,domestic appliances,male,2020-05-14,1973-05-14,One Plus 8 128 GB,1
2,own,little,little,2246,12,furniture/equipment,male,2020-02-08,1960-02-08,OPPO Find X2 256 GB,1
1,own,little,little,385,12,radio/TV,female,2020-02-03,1962-02-03,Samsung Awesome,0
2,rent,,moderate,1965,24,car,female,2020-02-24,1978-02-24,Nokia Very Old,0
1,own,rich,,1572,21,business,female,2020-04-09,1984-04-09,iPhone 11 Black,0
1,rent,little,moderate,2718,24,car,female,2020-03-17,2000-03-17,Huawei Great,1
3,own,,little,1358,24,vacation/others,male,2020-01-25,1980-01-25,Nokia Old,1
1,own,moderate,moderate,931,6,car,female,2020-02-08,1988-02-08,Samsung Fantastic,1
2,rent,little,little,1442,24,car,female,2020-04-22,1997-04-22,Huawei Awesome,1
1,own,little,moderate,4241,24,business,male,2020-02-10,1984-02-10,iPhone 10 White,1
2,own,little,,2775,18,car,male,2020-01-01,1989-01-01,Nokia Very Old,1
2,free,little,,3863,24,business,male,2020-01-20,1988-01-20,iPhone 10 Black,0
2,own,little,moderate,2329,7,radio/TV,female,2020-04-17,1975-04-17,iPhone 9,0
2,own,little,moderate,918,9,furniture/equipment,female,2020-04-26,1990-04-26,iPhone 11 Black,1
1,free,little,moderate,1837,24,education,female,2020-05-14,1986-05-14,Samsung Amazing,1
3,own,little,,3349,36,furniture/equipment,female,2020-01-21,1992-01-21,Nokia Old,1
2,own,little,rich,1275,10,furniture/equipment,female,2020-01-27,1997-01-27,Samsung Awesome,0
2,own,quite rich,little,2828,24,furniture/equipment,male,2020-01-02,1998-01-02,Huawei Fantastic,0
3,own,little,,4526,24,business,male,2020-01-16,1946-01-16,iPhone 10 Black,0
2,free,moderate,moderate,2671,36,radio/TV,female,2020-05-07,1970-05-07,Samsung Fantastic,1
2,own,little,,2051,18,radio/TV,male,2020-01-12,1987-01-12,iPhone 9,0
2,free,,,1300,15,car,male,2020-02-19,1975-02-19,Nokia Very Old,0
2,own,moderate,little,741,12,domestic appliances,female,2020-03-18,1998-03-18,OPPO Find X2 256 GB,1
1,free,moderate,rich,1240,10,car,female,2020-03-25,1972-03-25,iPhone 11 Black,1
2,own,rich,little,3357,21,radio/TV,female,2020-04-19,1991-04-19,Huawei Great,0
2,rent,little,little,3632,24,car,female,2020-03-22,1998-03-22,iPhone 10 White,0
2,own,little,,1808,18,furniture/equipment,female,2020-04-22,1998-04-22,Samsung Awesome,1
3,own,,moderate,12204,48,business,male,2020-04-15,1972-04-15,iPhone 10 White,0
3,free,,moderate,9157,60,radio/TV,male,2020-02-25,1993-02-25,Nokia Very Old,0
2,rent,little,little,3676,6,car,male,2020-01-22,1983-01-22,Huawei Fantastic,0
2,rent,moderate,moderate,3441,30,furniture/equipment,female,2020-05-07,1999-05-07,iPhone 9,1
1,own,little,,640,12,car,male,2020-03-30,1971-03-30,Ericsson Very Old,0
2,own,little,moderate,3652,21,business,male,2020-02-24,1993-02-24,Samsung Fantastic,0
2,own,little,,1530,18,car,male,2020-02-19,1988-02-19,Huawei Great,1
2,own,,,3914,48,business,male,2020-01-10,1982-01-10,Huawei Awesome,1
2,rent,little,little,1858,12,furniture/equipment,female,2020-01-09,1998-01-09,iPhone 9,0
2,free,little,little,2600,18,radio/TV,male,2020-05-02,1955-05-02,Nokia Very Old,1
2,own,,,1979,15,radio/TV,male,2020-03-11,1985-03-11,iPhone 11 Black,0
2,own,little,rich,2116,6,furniture/equipment,male,2020-01-10,1979-01-10,One Plus 8 128 GB,0
2,own,moderate,moderate,1437,9,car,male,2020-01-29,1991-01-29,Samsung Amazing,1
2,own,quite rich,,4042,42,furniture/equipment,male,2020-01-31,1984-01-31,Huawei Great,0
1,own,,,3832,9,education,male,2020-01-24,1956-01-24,Huawei Great,0
2,own,little,little,3660,24,radio/TV,female,2020-04-21,1992-04-21,Samsung Fantastic,0
2,own,little,little,1553,18,furniture/equipment,male,2020-04-24,1976-04-24,Samsung Amazing,1
2,own,,moderate,1444,15,radio/TV,male,2020-01-27,1997-01-27,One Plus 8 128 GB,0
2,rent,little,,1980,9,furniture/equipment,female,2020-02-28,2001-02-28,Samsung Awesome,1
1,own,little,moderate,1355,24,car,female,2020-02-12,1995-02-12,Huawei Fantastic,1
2,own,little,,1393,12,education,male,2020-05-03,1973-05-03,Huawei Fantastic,0
2,own,quite rich,,1376,24,radio/TV,female,2020-02-04,1992-02-04,OPPO Find X2 256 GB,0
2,own,little,,15653,60,radio/TV,male,2020-04-27,1999-04-27,Huawei Awesome,0
2,own,little,,1493,12,radio/TV,female,2020-01-26,1986-01-26,One Plus 8 128 GB,0
2,own,little,little,4370,42,radio/TV,male,2020-04-05,1994-04-05,Huawei Great,1
0,own,little,little,750,18,education,female,2020-03-01,1993-03-01,OPPO Reno 2,1
1,own,little,moderate,1308,15,repairs,male,2020-03-01,1982-03-01,OPPO Reno 2,0
3,own,moderate,,4623,15,education,male,2020-02-05,1980-02-05,Ericsson Very Old,1
2,own,little,,1851,24,radio/TV,male,2020-03-19,1987-03-19,Huawei Great,0
3,own,little,little,1880,18,radio/TV,male,2020-04-24,1988-04-24,One Plus 8 128 GB,0
2,rent,,,7980,36,business,male,2020-02-25,1993-02-25,OPPO Find X2 256 GB,1
2,own,little,little,4583,30,furniture/equipment,male,2020-02-18,1988-02-18,Samsung Awesome,0
2,own,quite rich,,1386,12,car,female,2020-03-07,1994-03-07,iPhone 10 Black,1
2,free,little,rich,947,24,car,male,2020-01-15,1982-01-15,OPPO Find X2 256 GB,1
1,rent,little,little,684,12,education,male,2020-02-08,1980-02-08,Huawei Fantastic,1
3,free,little,little,7476,48,education,male,2020-04-10,1970-04-10,Ericsson Very Old,0
1,own,little,moderate,1922,12,furniture/equipment,male,2020-04-23,1983-04-23,Samsung Amazing,1
2,own,little,little,2303,24,car,male,2020-04-07,1975-04-07,Huawei Awesome,1
3,own,moderate,moderate,8086,36,car,male,2020-03-14,1978-03-14,Nokia Old,1
2,own,little,,2346,24,car,male,2020-03-21,1985-03-21,OPPO Reno 2,0
2,free,little,little,3973,14,car,male,2020-03-17,1998-03-17,Huawei Awesome,0
1,own,little,moderate,888,12,car,male,2020-02-27,1979-02-27,Huawei Awesome,1
2,own,,,10222,48,radio/TV,male,2020-04-25,1983-04-25,iPhone 11 Black,0
2,own,little,moderate,4221,30,business,female,2020-04-07,1992-04-07,Nokia Very Old,0
2,own,little,moderate,6361,18,furniture/equipment,male,2020-03-17,1979-03-17,OPPO Find X2 256 GB,0
2,rent,little,rich,1297,12,radio/TV,male,2020-02-23,1997-02-23,Huawei Great,0
2,own,,little,900,12,car,male,2020-02-19,1997-02-19,Huawei Fantastic,1
2,own,little,,2241,21,furniture/equipment,male,2020-01-12,1970-01-12,iPhone 10 Black,0
3,own,little,moderate,1050,6,furniture/equipment,male,2020-02-29,1985-02-28,iPhone 11 Black,0
1,own,little,rich,1047,6,education,female,2020-05-08,1970-05-08,Huawei Awesome,0
3,own,little,,6314,24,vacation/others,male,2020-01-27,1993-01-27,Ericsson Very Old,0
2,own,rich,moderate,3496,30,furniture/equipment,male,2020-02-08,1986-02-08,iPhone 9,0
2,own,little,,3609,48,business,female,2020-04-24,1993-04-24,Huawei Awesome,0
2,rent,little,little,4843,12,car,male,2020-03-18,1977-03-18,Nokia Very Old,1
2,own,little,rich,3017,30,radio/TV,male,2020-03-15,1973-03-15,iPhone 10 White,0
1,own,moderate,,4139,24,business,male,2020-04-08,1993-04-08,Nokia Very Old,0
2,own,moderate,,5742,36,business,male,2020-04-17,1989-04-17,OPPO Reno 2,0
3,own,little,,10366,60,car,male,2020-04-22,1978-04-22,Samsung Fantastic,0
2,own,quite rich,,2080,6,car,male,2020-03-18,1996-03-18,Samsung Fantastic,0
1,own,quite rich,,2580,21,business,male,2020-01-13,1979-01-13,Huawei Awesome,1
3,rent,little,,4530,30,radio/TV,female,2020-03-28,1994-03-28,Huawei Great,0
2,own,little,,5150,24,furniture/equipment,male,2020-02-21,1987-02-21,iPhone 10 White,0
2,own,moderate,moderate,5595,72,radio/TV,male,2020-04-04,1996-04-04,iPhone 11 Black,1
1,rent,little,little,2384,24,radio/TV,male,2020-04-01,1956-04-01,OPPO Find X2 256 GB,0
2,own,little,,1453,18,radio/TV,female,2020-02-04,1994-02-04,Ericsson Very Old,0
2,own,little,,1538,6,education,female,2020-01-17,1964-01-17,iPhone 10 Black,0
2,free,,,2279,12,radio/TV,male,2020-03-29,1983-03-29,OPPO Find X2 256 GB,0
2,own,little,,1478,15,radio/TV,male,2020-02-10,1987-02-10,Huawei Awesome,0
2,free,little,,5103,24,radio/TV,male,2020-01-11,1973-01-11,iPhone 11 Black,0
1,own,moderate,moderate,9857,36,business,male,2020-03-12,1989-03-12,Samsung Amazing,0
2,free,,,6527,60,car,male,2020-03-22,1986-03-22,iPhone 11 Black,0
2,own,,rich,1347,10,radio/TV,male,2020-03-13,1993-03-13,OPPO Reno 2,0
2,free,moderate,moderate,2862,36,car,male,2020-03-03,1990-03-03,iPhone 9,0
2,own,moderate,,2753,9,radio/TV,male,2020-02-07,1985-02-07,Nokia Old,0
2,own,rich,little,3651,12,car,male,2020-03-04,1989-03-04,Huawei Great,0
2,own,little,little,975,15,furniture/equipment,male,2020-02-12,1995-02-12,iPhone 10 White,0
1,own,moderate,moderate,2631,15,repairs,female,2020-04-04,1995-04-04,Huawei Great,0
2,own,moderate,moderate,2896,24,radio/TV,male,2020-03-25,1991-03-25,Samsung Fantastic,0
1,own,,little,4716,6,car,male,2020-02-06,1976-02-06,Huawei Fantastic,0
2,own,little,,2284,24,radio/TV,male,2020-02-11,1992-02-11,iPhone 10 Black,0
2,rent,quite rich,,1236,6,car,male,2020-03-04,1970-03-04,Nokia Old,0
2,own,little,moderate,1103,12,radio/TV,male,2020-03-26,1991-03-26,Ericsson Very Old,0
0,own,little,,926,12,car,female,2020-04-30,1982-04-30,Samsung Fantastic,0
2,own,little,,1800,18,radio/TV,male,2020-04-25,1996-04-25,One Plus 8 128 GB,0
3,rent,little,rich,1905,15,education,male,2020-01-17,1980-01-17,Samsung Awesome,0
1,rent,quite rich,,1123,12,furniture/equipment,female,2020-05-05,1991-05-05,iPhone 10 White,1
2,free,little,little,6331,48,car,male,2020-02-19,1974-02-19,Samsung Amazing,1
2,free,moderate,rich,1377,24,radio/TV,female,2020-04-15,1973-04-15,Huawei Great,0
2,own,moderate,moderate,2503,30,business,male,2020-03-09,1979-03-09,iPhone 11 Black,0
2,own,little,moderate,2528,27,business,female,2020-05-13,1988-05-13,iPhone 9,0
2,free,quite rich,,5324,15,car,female,2020-02-22,1985-02-22,Samsung Fantastic,0
2,own,moderate,moderate,6560,48,car,male,2020-02-07,1996-02-07,Nokia Old,1
2,rent,little,moderate,2969,12,furniture/equipment,female,2020-03-27,1995-03-27,iPhone 11 Black,1
2,own,little,moderate,1206,9,radio/TV,female,2020-05-06,1995-05-06,Nokia Old,0
1,own,little,moderate,2118,9,radio/TV,male,2020-03-16,1983-03-16,OPPO Reno 2,0
3,own,quite rich,,629,18,radio/TV,male,2020-02-09,1988-02-09,One Plus 8 128 GB,0
2,free,little,little,1198,6,education,female,2020-03-03,1985-03-03,iPhone 9,1
3,own,,,2476,21,car,male,2020-01-20,1974-01-20,iPhone 10 White,0
1,own,little,little,1138,9,radio/TV,male,2020-03-11,1995-03-11,iPhone 11 Black,0
3,own,little,moderate,14027,60,car,male,2020-02-25,1993-02-25,OPPO Find X2 256 GB,1
2,own,,,7596,30,car,male,2020-05-05,1957-05-05,iPhone 9,0
2,own,,,3077,30,radio/TV,male,2020-01-15,1980-01-15,OPPO Find X2 256 GB,0
3,free,little,,1505,18,radio/TV,male,2020-03-14,1988-03-14,Samsung Awesome,0
2,own,,rich,3148,24,radio/TV,male,2020-03-28,1989-03-28,Samsung Fantastic,0
2,own,moderate,moderate,6148,20,car,male,2020-02-25,1989-02-25,Huawei Awesome,0
3,own,little,rich,1337,9,radio/TV,male,2020-04-09,1986-04-09,Huawei Great,1
2,rent,rich,moderate,433,6,education,female,2020-01-08,1996-01-08,iPhone 11 Black,1
1,own,little,little,1228,12,car,female,2020-01-26,1996-01-26,Samsung Fantastic,1
1,own,quite rich,moderate,790,9,radio/TV,female,2020-01-06,1954-01-06,OPPO Find X2 256 GB,0
2,rent,little,,2570,27,car,female,2020-02-04,1999-02-04,Huawei Awesome,1
1,own,rich,,250,6,car,female,2020-04-20,1979-04-20,Samsung Amazing,0
1,own,quite rich,,1316,15,radio/TV,male,2020-03-19,1973-03-19,Samsung Awesome,0
2,rent,little,little,1882,18,radio/TV,female,2020-02-15,1995-02-15,iPhone 9,1
2,rent,little,moderate,6416,48,business,female,2020-01-26,1961-01-26,Ericsson Very Old,1
2,own,rich,rich,1275,24,business,male,2020-02-05,1984-02-05,Samsung Awesome,0
2,own,little,moderate,6403,24,radio/TV,male,2020-04-11,1987-04-11,Samsung Fantastic,0
1,rent,little,little,1987,24,radio/TV,male,2020-05-14,1999-05-14,Huawei Awesome,1
1,own,little,moderate,760,8,radio/TV,female,2020-01-22,1976-01-22,Huawei Awesome,0
2,rent,rich,,2603,24,car,female,2020-04-11,1992-04-11,Huawei Fantastic,0
2,own,little,,3380,4,car,female,2020-03-20,1983-03-20,iPhone 11 Black,0
0,own,,moderate,3990,36,domestic appliances,female,2020-01-22,1991-01-22,Samsung Awesome,0
3,rent,little,moderate,11560,24,car,female,2020-01-17,1997-01-17,iPhone 10 White,1
1,own,moderate,little,4380,18,car,male,2020-03-19,1985-03-19,iPhone 9,0
3,own,little,,6761,6,car,male,2020-01-05,1975-01-05,iPhone 10 Black,0
1,rent,moderate,moderate,4280,30,business,female,2020-01-17,1994-01-17,Huawei Fantastic,1
2,own,moderate,little,2325,24,car,male,2020-02-21,1988-02-21,Samsung Fantastic,0
1,own,little,moderate,1048,10,radio/TV,male,2020-04-11,1997-04-11,iPhone 10 Black,0
2,own,,,3160,21,radio/TV,male,2020-02-24,1979-02-24,OPPO Find X2 256 GB,0
2,own,quite rich,little,2483,24,furniture/equipment,male,2020-04-12,1998-04-12,Huawei Fantastic,0
3,own,,little,14179,39,furniture/equipment,male,2020-04-26,1990-04-26,iPhone 9,0
1,own,little,little,1797,13,business,male,2020-02-27,1992-02-27,One Plus 8 128 GB,0
2,rent,little,little,2511,15,car,female,2020-03-25,1997-03-25,Ericsson Very Old,0
1,own,little,little,1274,12,car,female,2020-02-22,1983-02-22,Samsung Amazing,1
2,own,,,5248,21,car,male,2020-02-09,1994-02-09,Samsung Amazing,0
2,own,little,,3029,15,car,male,2020-03-08,1987-03-08,iPhone 9,0
2,own,little,little,428,6,furniture/equipment,female,2020-03-10,1971-03-10,Huawei Great,0
1,own,little,little,976,18,car,female,2020-03-08,1997-03-08,OPPO Reno 2,1
1,rent,moderate,moderate,841,12,business,female,2020-02-13,1997-02-13,Nokia Very Old,0
2,own,little,,5771,30,radio/TV,female,2020-03-21,1995-03-21,iPhone 11 Black,0
2,free,rich,,1555,12,repairs,male,2020-04-09,1965-04-09,One Plus 8 128 GB,1
2,rent,,little,1285,24,car,female,2020-02-26,1988-02-26,iPhone 11 Black,1
0,own,little,rich,1299,6,car,male,2020-04-27,1946-04-27,OPPO Find X2 256 GB,0
2,free,,rich,1271,15,radio/TV,male,2020-04-26,1981-04-26,Samsung Awesome,1
2,own,little,,1393,24,car,male,2020-03-22,1989-03-22,Huawei Awesome,0
2,own,little,little,691,12,car,male,2020-04-30,1985-04-30,iPhone 10 Black,1
2,own,,,5045,15,car,female,2020-02-29,1961-02-28,Samsung Fantastic,0
2,rent,little,little,2124,18,furniture/equipment,female,2020-02-24,1996-02-24,One Plus 8 128 GB,1
1,own,little,little,2214,12,radio/TV,male,2020-05-01,1996-05-01,iPhone 10 White,0
3,free,,,12680,21,car,male,2020-02-02,1990-02-02,Samsung Amazing,1
2,own,moderate,,2463,24,car,male,2020-02-07,1993-02-07,Huawei Awesome,0
1,own,little,moderate,1155,12,radio/TV,male,2020-02-25,1980-02-25,One Plus 8 128 GB,0
1,own,little,little,3108,30,furniture/equipment,male,2020-01-16,1989-01-16,Samsung Awesome,1
2,rent,,,2901,10,car,female,2020-03-08,1989-03-08,Ericsson Very Old,0
2,rent,little,moderate,3617,12,furniture/equipment,male,2020-04-13,1992-04-13,Samsung Fantastic,0
1,own,little,,1655,12,radio/TV,male,2020-01-15,1957-01-15,OPPO Find X2 256 GB,0
2,rent,,little,2812,24,car,female,2020-01-11,1994-01-11,Samsung Awesome,0
3,own,little,little,8065,36,education,female,2020-05-07,1995-05-07,Huawei Awesome,1
3,own,little,,3275,21,car,male,2020-01-29,1984-01-29,Ericsson Very Old,0
2,own,moderate,,2223,24,radio/TV,male,2020-03-08,1968-03-08,Ericsson Very Old,0
0,free,quite rich,rich,1480,12,car,male,2020-03-04,1954-03-04,Samsung Awesome,0
2,rent,,little,1371,24,car,female,2020-03-28,1995-03-28,Samsung Awesome,1
2,own,little,,3535,36,car,male,2020-05-01,1983-05-01,Nokia Old,0
2,own,little,little,3509,18,radio/TV,female,2020-02-22,1995-02-22,Samsung Fantastic,0
3,own,rich,,5711,36,car,male,2020-04-17,1982-04-17,iPhone 11 Black,0
2,own,little,moderate,3872,18,repairs,female,2020-05-09,1953-05-09,Nokia Old,0
2,own,little,moderate,4933,39,radio/TV,male,2020-02-14,1995-02-14,iPhone 10 White,1
2,own,rich,,1940,24,car,male,2020-05-04,1960-05-04,Nokia Old,0
1,own,little,moderate,1410,12,education,male,2020-03-30,1989-03-30,iPhone 10 Black,0
1,own,moderate,moderate,836,12,car,female,2020-04-25,1997-04-25,Samsung Fantastic,1
3,own,,moderate,6468,20,car,male,2020-02-18,1960-02-18,Samsung Amazing,0
1,own,rich,moderate,1941,18,business,male,2020-04-03,1985-04-03,Huawei Great,0
2,own,quite rich,,2675,22,radio/TV,male,2020-01-15,1980-01-15,iPhone 10 White,0
2,own,,,2751,48,car,male,2020-01-20,1982-01-20,Huawei Fantastic,0
2,free,little,moderate,6224,48,education,male,2020-01-02,1970-01-02,iPhone 11 Black,1
2,own,little,little,5998,40,education,male,2020-04-13,1993-04-13,iPhone 9,1
2,own,little,moderate,1188,21,business,female,2020-01-13,1981-01-13,Ericsson Very Old,1
3,own,,,6313,24,car,male,2020-02-21,1979-02-21,Ericsson Very Old,0
2,own,,,1221,6,furniture/equipment,male,2020-03-04,1993-03-04,Huawei Fantastic,0
2,free,little,rich,2892,24,furniture/equipment,male,2020-01-28,1969-01-28,Nokia Very Old,0
2,rent,quite rich,,3062,24,furniture/equipment,male,2020-02-19,1988-02-19,Samsung Fantastic,0
2,rent,moderate,,2301,9,furniture/equipment,female,2020-03-24,1998-03-24,Huawei Great,0
2,free,,little,7511,18,car,male,2020-02-24,1969-02-24,Huawei Great,1
1,rent,little,,1258,12,furniture/equipment,female,2020-01-22,1998-01-22,iPhone 10 White,0
2,own,,,717,24,car,male,2020-02-11,1966-02-11,OPPO Reno 2,0
0,own,,moderate,1549,9,car,male,2020-01-08,1985-01-08,Samsung Fantastic,0
2,free,little,,1597,24,education,male,2020-05-04,1966-05-04,Huawei Awesome,0
1,rent,little,moderate,1795,18,radio/TV,female,2020-01-12,1972-01-12,iPhone 9,0
2,own,little,little,4272,20,furniture/equipment,female,2020-04-26,1996-04-26,iPhone 9,0
2,own,,,976,12,radio/TV,male,2020-02-17,1985-02-17,One Plus 8 128 GB,0
0,rent,,moderate,7472,12,car,female,2020-03-17,1996-03-17,OPPO Find X2 256 GB,0
2,own,little,little,9271,36,car,male,2020-04-28,1996-04-28,iPhone 11 Black,1
1,own,little,moderate,590,6,radio/TV,male,2020-01-29,1994-01-29,iPhone 9,0
2,own,,,930,12,radio/TV,male,2020-01-24,1955-01-24,One Plus 8 128 GB,0
3,free,little,moderate,9283,42,car,male,2020-05-06,1965-05-06,iPhone 10 White,0
0,rent,little,moderate,1778,15,car,female,2020-01-07,1994-01-07,OPPO Find X2 256 GB,1
2,own,little,moderate,907,8,business,male,2020-05-08,1994-05-08,iPhone 10 Black,0
1,own,little,moderate,484,6,radio/TV,male,2020-02-16,1992-02-16,Huawei Great,0
2,own,little,little,9629,36,car,male,2020-02-04,1996-02-04,Huawei Fantastic,1
2,own,little,little,3051,48,domestic appliances,male,2020-04-15,1966-04-15,OPPO Find X2 256 GB,1
2,free,little,little,3931,48,car,male,2020-03-25,1974-03-25,Ericsson Very Old,1
2,rent,little,moderate,7432,36,car,female,2020-03-18,1966-03-18,Huawei Awesome,0
2,own,quite rich,,1338,6,domestic appliances,male,2020-03-03,1958-03-03,Nokia Old,0
2,rent,little,,1554,6,radio/TV,female,2020-04-10,1996-04-10,Nokia Very Old,0
3,own,little,little,15857,36,vacation/others,male,2020-04-26,1977-04-26,Huawei Great,0
2,own,little,little,1345,18,radio/TV,male,2020-03-22,1994-03-22,Huawei Awesome,1
2,own,little,,1101,12,car,male,2020-01-17,1993-01-17,iPhone 11 Black,0
2,own,little,rich,3016,12,radio/TV,male,2020-03-16,1996-03-16,Nokia Very Old,0
2,own,little,little,2712,36,furniture/equipment,male,2020-05-10,1979-05-10,Samsung Awesome,1
1,own,little,little,731,8,car,male,2020-03-09,1973-03-09,Huawei Great,0
3,own,little,,3780,18,furniture/equipment,male,2020-01-01,1985-01-01,Huawei Fantastic,0
2,own,little,little,1602,21,car,male,2020-04-09,1990-04-09,Samsung Amazing,0
2,rent,little,little,3966,18,car,female,2020-01-01,1987-01-01,Ericsson Very Old,1
2,own,little,,4165,18,business,male,2020-03-07,1984-03-07,Samsung Amazing,1
2,free,,little,8335,36,car,male,2020-01-25,1973-01-25,Samsung Fantastic,1
2,free,,moderate,6681,48,business,male,2020-04-28,1982-04-28,iPhone 9,0
2,own,quite rich,,2375,24,business,male,2020-04-19,1976-04-19,OPPO Reno 2,0
2,rent,little,little,1216,18,car,female,2020-02-18,1997-02-18,Huawei Awesome,1
2,rent,little,little,11816,45,business,male,2020-04-27,1991-04-27,Samsung Amazing,1
2,own,,moderate,5084,24,radio/TV,female,2020-04-24,1978-04-24,Huawei Fantastic,0
1,own,little,rich,2327,15,radio/TV,female,2020-03-19,1995-03-19,Samsung Fantastic,1
2,own,little,little,1082,12,car,male,2020-01-14,1972-01-14,Nokia Very Old,1
2,own,,,886,12,radio/TV,female,2020-02-11,1999-02-11,Samsung Awesome,0
1,rent,little,,601,4,furniture/equipment,female,2020-01-24,1997-01-24,iPhone 10 White,0
2,own,little,little,2957,24,car,male,2020-03-13,1957-03-13,Samsung Fantastic,0
2,own,little,,2611,24,radio/TV,male,2020-05-07,1974-05-07,iPhone 10 Black,0
2,own,little,little,5179,36,furniture/equipment,male,2020-05-04,1991-05-04,Samsung Awesome,1
1,own,little,,2993,21,car,male,2020-04-02,1992-04-02,OPPO Reno 2,0
2,own,little,,1943,18,repairs,female,2020-01-08,1997-01-08,iPhone 9,1
2,own,little,,1559,24,business,male,2020-04-21,1970-04-21,iPhone 10 White,0
2,own,little,,3422,18,furniture/equipment,male,2020-04-29,1973-04-29,Huawei Awesome,0
2,own,,moderate,3976,21,furniture/equipment,male,2020-01-25,1985-01-25,iPhone 11 Black,0
2,rent,,,6761,18,car,male,2020-03-28,1952-03-28,iPhone 9,1
2,own,little,,1249,24,car,male,2020-04-22,1992-04-22,iPhone 10 White,0
2,own,little,little,1364,9,radio/TV,male,2020-04-19,1961-04-19,iPhone 9,0
1,own,little,little,709,12,radio/TV,male,2020-01-22,1963-01-22,iPhone 9,1
2,rent,little,little,2235,20,car,male,2020-03-07,1987-03-07,Samsung Awesome,1
2,own,,,4042,24,car,male,2020-05-12,1977-05-12,iPhone 10 White,0
2,free,little,,1471,15,radio/TV,male,2020-01-26,1985-01-26,iPhone 11 Black,0
1,free,little,little,1442,18,car,male,2020-01-13,1988-01-13,Ericsson Very Old,1
2,own,little,,10875,36,car,male,2020-04-25,1975-04-25,iPhone 9,0
2,own,moderate,,1474,24,car,male,2020-04-03,1987-04-03,iPhone 11 Black,0
2,own,,,894,10,education,female,2020-01-03,1980-01-03,Samsung Awesome,0
2,free,little,,3343,15,furniture/equipment,male,2020-05-01,1992-05-01,Samsung Amazing,0
2,own,little,little,3959,15,car,female,2020-03-17,1991-03-17,Nokia Very Old,1
2,rent,moderate,,3577,9,car,male,2020-03-07,1994-03-07,Nokia Old,0
2,own,rich,,5804,24,car,male,2020-01-27,1993-01-27,OPPO Find X2 256 GB,0
2,own,little,,2169,18,business,male,2020-03-25,1992-03-25,Samsung Fantastic,1
2,own,little,little,2439,24,radio/TV,female,2020-03-04,1985-03-04,iPhone 11 Black,1
1,own,rich,,4526,27,furniture/equipment,male,2020-05-11,1988-05-11,Huawei Awesome,0
1,rent,little,,2210,10,furniture/equipment,male,2020-02-01,1995-02-01,OPPO Reno 2,1
2,rent,quite rich,,2221,15,furniture/equipment,female,2020-01-23,2000-01-23,OPPO Reno 2,0
2,own,little,little,2389,18,radio/TV,female,2020-02-19,1993-02-19,iPhone 10 Black,0
2,own,little,,3331,12,furniture/equipment,male,2020-02-03,1978-02-03,Samsung Fantastic,0
2,own,,,7409,36,business,male,2020-01-08,1983-01-08,Huawei Awesome,0
2,rent,little,little,652,12,furniture/equipment,female,2020-05-05,1996-05-05,iPhone 9,0
2,own,quite rich,,7678,36,furniture/equipment,female,2020-04-27,1980-04-27,OPPO Reno 2,0
2,own,little,rich,1343,6,car,male,2020-01-08,1974-01-08,iPhone 9,0
2,own,moderate,little,1382,24,business,male,2020-03-16,1994-03-16,Samsung Amazing,0
2,own,,,874,15,domestic appliances,female,2020-04-10,1996-04-10,OPPO Reno 2,0
1,own,little,little,3590,12,furniture/equipment,male,2020-01-22,1991-01-22,iPhone 10 Black,0
2,own,rich,moderate,1322,11,car,female,2020-03-13,1980-03-13,iPhone 10 Black,0
3,free,little,little,1940,18,radio/TV,male,2020-02-14,1984-02-14,iPhone 10 White,0
2,own,little,,3595,36,radio/TV,male,2020-04-12,1992-04-12,Samsung Fantastic,0
3,free,little,little,1422,9,car,male,2020-02-17,1993-02-17,iPhone 10 Black,1
2,own,,,6742,30,radio/TV,male,2020-04-25,1984-04-25,One Plus 8 128 GB,0
3,own,little,,7814,24,car,male,2020-05-01,1982-05-01,Samsung Fantastic,0
2,free,,,9277,24,car,male,2020-02-08,1972-02-08,Nokia Old,0
2,own,,moderate,2181,30,car,male,2020-01-19,1984-01-19,Samsung Awesome,0
0,own,little,,1098,18,radio/TV,female,2020-02-07,1955-02-07,iPhone 11 Black,0
2,own,little,moderate,4057,24,furniture/equipment,male,2020-03-20,1977-03-20,iPhone 11 Black,1
2,own,little,little,795,12,education,female,2020-05-03,1967-05-03,OPPO Reno 2,1
2,own,,moderate,2825,24,business,male,2020-02-15,1986-02-15,iPhone 11 Black,0
2,own,little,moderate,15672,48,business,male,2020-03-20,1997-03-20,Huawei Fantastic,1
3,own,little,,6614,36,car,male,2020-05-07,1986-05-07,Huawei Awesome,0
2,rent,,,7824,28,car,male,2020-04-04,1980-04-04,iPhone 11 Black,0
3,own,little,little,2442,27,business,male,2020-03-22,1977-03-22,Samsung Amazing,0
2,own,little,,1829,15,radio/TV,male,2020-01-25,1974-01-25,Nokia Old,0
1,own,little,little,2171,12,car,male,2020-02-09,1982-02-09,OPPO Find X2 256 GB,0
2,own,little,moderate,5800,36,car,male,2020-02-21,1986-02-21,OPPO Find X2 256 GB,0
2,own,,,1169,18,radio/TV,male,2020-03-30,1991-03-30,Samsung Fantastic,0
3,own,,,8947,36,car,male,2020-04-14,1989-04-14,Ericsson Very Old,0
3,rent,little,little,2606,21,radio/TV,female,2020-01-15,1992-01-15,Nokia Very Old,0
2,own,rich,,1592,12,furniture/equipment,female,2020-05-09,1985-05-09,iPhone 10 White,0
1,rent,,,2186,15,furniture/equipment,female,2020-04-27,1987-04-27,Samsung Amazing,0
2,own,little,little,4153,18,furniture/equipment,male,2020-05-09,1978-05-09,iPhone 11 Black,1
2,rent,little,little,2625,16,car,male,2020-02-07,1977-02-07,Samsung Fantastic,1
2,own,,,3485,20,car,male,2020-01-14,1976-01-14,iPhone 9,0
2,free,,,10477,36,car,male,2020-01-30,1978-01-30,Samsung Awesome,0
2,rent,,,1386,15,radio/TV,male,2020-03-21,1980-03-21,Samsung Awesome,0
3,own,little,,1278,24,radio/TV,male,2020-04-14,1984-04-14,Huawei Fantastic,0
3,rent,little,little,1107,12,radio/TV,male,2020-04-04,2000-04-04,Ericsson Very Old,0
1,own,,little,3763,21,car,male,2020-02-08,1996-02-08,One Plus 8 128 GB,0
2,own,,moderate,3711,36,education,male,2020-02-08,1993-02-08,Huawei Awesome,0
1,own,little,,3594,15,car,female,2020-02-19,1974-02-19,Nokia Very Old,0
1,own,,moderate,3195,9,car,female,2020-01-23,1987-01-23,Samsung Amazing,0
2,own,little,,4454,36,radio/TV,female,2020-01-12,1986-01-12,iPhone 10 Black,0
1,own,little,moderate,4736,24,furniture/equipment,female,2020-05-12,1995-05-12,OPPO Reno 2,1
2,own,,moderate,2991,30,radio/TV,female,2020-02-12,1995-02-12,iPhone 11 Black,0
2,own,rich,,2142,11,business,male,2020-01-14,1992-01-14,Huawei Fantastic,0
2,rent,little,little,3161,24,business,male,2020-02-20,1989-02-20,Nokia Very Old,1
3,own,little,moderate,18424,48,vacation/others,female,2020-02-21,1988-02-21,iPhone 9,1
2,own,moderate,,2848,10,car,male,2020-04-15,1988-04-15,Samsung Amazing,0
3,own,little,little,14896,6,car,male,2020-03-24,1952-03-24,Nokia Old,1
2,own,moderate,little,2359,24,furniture/equipment,male,2020-05-08,1987-05-08,Nokia Old,1
3,rent,little,little,3345,24,furniture/equipment,male,2020-05-02,1981-05-02,iPhone 11 Black,1
2,own,little,,1817,18,furniture/equipment,female,2020-02-21,1992-02-21,One Plus 8 128 GB,0
3,own,quite rich,,12749,48,radio/TV,male,2020-01-27,1983-01-27,Samsung Awesome,0
2,rent,little,little,1366,9,radio/TV,female,2020-02-22,1998-02-22,Samsung Amazing,1
2,rent,little,moderate,2002,12,car,male,2020-02-09,1990-02-09,iPhone 9,0
2,own,little,little,6872,24,furniture/equipment,male,2020-01-13,1965-01-13,OPPO Reno 2,1
2,own,little,little,697,12,car,male,2020-01-11,1974-01-11,Nokia Very Old,1
2,rent,little,little,1049,18,furniture/equipment,female,2020-01-23,1999-01-23,One Plus 8 128 GB,0
2,free,little,little,10297,48,car,male,2020-01-16,1981-01-16,iPhone 10 Black,1
2,own,,,1867,30,radio/TV,male,2020-03-13,1962-03-13,iPhone 11 Black,0
1,own,little,little,1344,12,car,male,2020-05-05,1977-05-05,Samsung Fantastic,0
1,own,little,little,1747,24,furniture/equipment,male,2020-04-21,1996-04-21,iPhone 11 Black,0
2,own,little,moderate,1670,9,radio/TV,female,2020-03-13,1998-03-13,Samsung Fantastic,1
2,own,little,,1224,9,car,male,2020-01-31,1990-01-31,Ericsson Very Old,0
2,own,quite rich,,522,12,radio/TV,male,2020-02-29,1978-02-28,OPPO Reno 2,0
2,own,little,little,1498,12,radio/TV,female,2020-01-03,1997-01-03,iPhone 10 White,0
3,own,moderate,moderate,1919,30,radio/TV,male,2020-05-04,1990-05-04,OPPO Find X2 256 GB,1
1,own,little,rich,745,9,radio/TV,female,2020-01-31,1992-01-31,Samsung Fantastic,1
3,rent,little,moderate,2063,6,radio/TV,male,2020-04-22,1990-04-22,iPhone 9,0
2,free,little,moderate,6288,60,education,male,2020-02-06,1978-02-06,iPhone 11 Black,1
3,own,,,6842,24,car,male,2020-01-15,1974-01-15,OPPO Find X2 256 GB,0
3,own,,,3527,12,car,male,2020-04-26,1975-04-26,Huawei Fantastic,0
1,own,little,,1546,10,car,male,2020-03-17,1989-03-17,Samsung Fantastic,0
2,own,,,929,24,furniture/equipment,male,2020-02-08,1989-02-08,Ericsson Very Old,0
1,own,little,,1455,4,car,male,2020-04-21,1978-04-21,Huawei Great,0
2,rent,little,little,1845,15,furniture/equipment,female,2020-02-02,1974-02-02,iPhone 10 Black,0
2,own,quite rich,moderate,8358,48,car,female,2020-04-16,1990-04-16,iPhone 9,0
2,free,quite rich,little,3349,24,furniture/equipment,male,2020-01-05,1990-01-05,iPhone 10 White,1
3,own,,,2859,12,car,male,2020-05-02,1982-05-02,iPhone 11 Black,0
1,own,little,,1533,18,furniture/equipment,male,2020-01-03,1977-01-03,Nokia Old,1
2,own,moderate,,3621,24,radio/TV,male,2020-01-06,1989-01-06,iPhone 10 White,1
0,own,little,moderate,3590,18,business,male,2020-04-11,1980-04-11,Samsung Awesome,0
2,own,little,little,2145,36,business,male,2020-01-20,1996-01-20,One Plus 8 128 GB,1
2,rent,quite rich,moderate,4113,24,car,female,2020-01-08,1992-01-08,iPhone 11 Black,1
3,own,little,,10974,36,furniture/equipment,female,2020-03-21,1994-03-21,iPhone 10 Black,1
2,own,little,little,1893,12,car,female,2020-02-24,1991-02-24,Huawei Awesome,0
3,rent,rich,little,1231,24,radio/TV,female,2020-01-21,1963-01-21,One Plus 8 128 GB,0
1,own,,rich,3656,30,radio/TV,male,2020-02-08,1971-02-08,Huawei Awesome,0
1,own,little,moderate,1154,9,radio/TV,male,2020-02-12,1983-02-12,Nokia Very Old,0
1,own,little,little,4006,28,car,male,2020-04-06,1975-04-06,Nokia Old,1
2,free,moderate,moderate,3069,24,furniture/equipment,male,2020-04-28,1990-04-28,OPPO Find X2 256 GB,0
2,rent,little,,1740,6,radio/TV,male,2020-04-12,1990-04-12,Ericsson Very Old,0
2,own,little,moderate,2353,21,car,male,2020-01-01,1973-01-01,iPhone 10 White,0
2,own,,,3556,15,car,male,2020-01-16,1991-01-16,Samsung Awesome,0
2,own,quite rich,,2397,24,radio/TV,male,2020-03-06,1985-03-06,iPhone 10 Black,1
1,own,little,moderate,454,6,repairs,male,2020-05-01,1998-05-01,Huawei Fantastic,0
2,own,,moderate,1715,30,radio/TV,female,2020-03-06,1994-03-06,iPhone 10 White,0
1,own,quite rich,moderate,2520,27,radio/TV,male,2020-01-24,1997-01-24,One Plus 8 128 GB,1
3,rent,little,,3568,15,radio/TV,female,2020-04-28,1966-04-28,Samsung Awesome,0
2,rent,,,7166,42,radio/TV,male,2020-01-08,1991-01-08,Huawei Awesome,0
1,own,little,little,3939,11,car,male,2020-01-07,1980-01-07,iPhone 11 Black,0
2,own,moderate,moderate,1514,15,repairs,male,2020-03-16,1998-03-16,Samsung Fantastic,0
1,own,little,,7393,24,car,male,2020-02-23,1977-02-23,Huawei Fantastic,0
0,rent,little,little,1193,24,car,female,2020-01-28,1991-01-28,iPhone 11 Black,1
2,rent,little,little,7297,60,business,male,2020-03-10,1984-03-10,iPhone 11 Black,1
2,own,little,,2831,30,radio/TV,female,2020-01-16,1987-01-16,Ericsson Very Old,0
1,own,quite rich,rich,1258,24,radio/TV,female,2020-02-01,1963-02-01,OPPO Find X2 256 GB,0
2,own,little,moderate,753,6,radio/TV,female,2020-01-30,1956-01-30,Huawei Awesome,0
2,own,,moderate,2427,18,business,male,2020-02-07,1978-02-07,Nokia Very Old,0
1,own,little,,2538,24,car,male,2020-02-05,1973-02-05,iPhone 11 Black,1
2,rent,moderate,moderate,1264,15,car,male,2020-02-15,1995-02-15,Nokia Old,1
2,own,little,moderate,8386,30,furniture/equipment,male,2020-05-04,1971-05-04,Huawei Fantastic,1
3,rent,little,,4844,48,business,male,2020-04-28,1987-04-28,iPhone 10 White,1
3,own,moderate,rich,2923,21,car,female,2020-03-22,1992-03-22,iPhone 11 Black,0
2,own,little,little,8229,36,car,male,2020-04-25,1994-04-25,Samsung Awesome,1
1,own,little,,2028,24,furniture/equipment,male,2020-03-07,1990-03-07,OPPO Reno 2,0
2,rent,little,little,1433,15,furniture/equipment,female,2020-01-01,1995-01-01,One Plus 8 128 GB,0
2,own,little,rich,6289,42,business,male,2020-03-23,1987-03-23,Huawei Fantastic,0
2,own,moderate,,1409,13,radio/TV,female,2020-04-01,1956-04-01,Samsung Awesome,0
3,free,little,little,6579,24,car,male,2020-03-05,1991-03-05,iPhone 10 White,0
1,own,little,moderate,1743,24,radio/TV,male,2020-05-10,1972-05-10,iPhone 11 Black,0
1,own,,,3565,12,education,male,2020-01-12,1983-01-12,OPPO Reno 2,0
1,own,moderate,,1569,15,radio/TV,male,2020-05-13,1986-05-13,iPhone 11 Black,0
1,rent,,little,1936,18,radio/TV,male,2020-01-10,1997-01-10,Samsung Amazing,0
3,own,little,little,3959,36,furniture/equipment,male,2020-04-12,1990-04-12,iPhone 11 Black,0
2,own,,,2390,12,car,male,2020-04-21,1970-04-21,Huawei Great,0
1,own,little,,1736,12,furniture/equipment,female,2020-05-04,1989-05-04,Ericsson Very Old,0
3,own,little,little,3857,30,car,male,2020-05-10,1980-05-10,iPhone 11 Black,0
2,own,little,,804,12,radio/TV,male,2020-01-09,1982-01-09,Samsung Awesome,0
2,free,little,little,1845,45,radio/TV,male,2020-03-05,1997-03-05,OPPO Reno 2,1
2,own,moderate,moderate,4576,45,car,male,2020-03-09,1993-03-09,OPPO Reno 2,0
